word,stem
افغانستان,افغان
ایران,ایران
مارچ,مارچ
وری,وری
امریکا,امریکا
دی,دی
وایی,ویل
لوبغاړی,لوبغاړ
ټرمپ,ټرمپ
وخت,وخت
کښې,کښې
پاکستان,پاک
ویډیو,ویډیو
موده,مود
کولو,کول
وژل,وژل
لړۍ,لړۍ
زده,زده
مصنوعی,صنع
ځیرکتیا,ځیرک
جوړه,جوړ
مېوې,مېو
کسانو,کس
سویز,سویز
ویډیویی,ویډیو
مهمې,مهم
ناورین,ناورین
لنډه,لنډ
تاریخه,تاریخ
ترکارۍ,ترکار
خبرو,خبر
خواړه,خواړه
کالوری,کالور
وړاندې,وړاندې
سولې,سول
داسې,داسې
شوه,کېدل
اندازه,انداز
کرېکټ,کرېکټ
ډول,ډول
تاریخ,تاریخ
دقیقو,دقیق
حکومت,حکومت
هوښیارۍ,هوښیار
کړی,کول
افغان,افغان
پرځای,پرځای
لسګونو,لس
کسان,کس
حسابولو,حساب
وخوړئ,خوړل
اړه,اړه
مرګژوبله,مرګ
فبروری,فبرور
وروسته,وروسته
سېلابونو,سېلاب
ګړۍ,ګړۍ
ووېشل,وېشل
اړولې,اړول
شوی,کېدل
نور,نور
وویل,ویل
پوځی,پوځ
لبنان,لبنان
پیل,پیل
څلور,څلور
شاه,شاه
کوی,کول
جنوب,جنوب
محمد,محمد
برید,برید
کال,کال
تېلو,تېل
دغه,دغه
باندې,باندې
پاکستانی,پاکس 
بلوچستان,بلوچ
کار,کار
خپل,خپل
ویلی,ویل
سلواغه,سلواغ
قالیباف,قالیبا 
عسکر,عسکر
وسله,وسل
طالبانو,طالب
باقر,باقر
سیاستوال,سیاست
اسرائیلو,اسرائیل
اسرائیلی,اسرائیل
والو,والی
بریدونو,برید
مشری,مشر
نسیم,نسیم
پاڼه,پاڼ
ورځ,ورځ
دوی,دوی
ژوندۍ,ژوند
درس,درس
نښتو,نښت
روپۍ,روپ
جریمه,جریم
برخه,برخ
ټولو,ټول
لوستل,لوستل
وزیر,وزیر
لارې,لار
امله,امله
شی,کېدل
جګړې,جګړ
ده,ده
ورته,ورته
ځانګړی,ځانګړ
چارو,چار
بیا,بیا
مخې,مخ
پېښور,پېښور
پاتې,پاتې
وزارت,وزارت
اعلان,اعلان
مهم,مهم
سرچینه,سرچین
دوه,دوه
ترلاسه,ترلاسه
ځینې,ځین
توکو,توک
توغندیو,توغند
یوازې,یوازې
رسنیو,رسن
عکس,عکس
سندرې,سندر
کړه,کول
پورې,پورې
نوی,نوی
اسرائیل,اسرائیل
خوړو,خوړ
ترینګلتیا,ترین 
ټاک,ټاک
ټېک,ټیک
هېواد,هېواد
ملی,ملی
ساعتونه,ساعت
خان,خان
ځکه,ځکه
خبرونه,خبر
فلم,فلم
هېوادونه,هېواد
ترمنځ,ترمنځ
تهران,تهران
جرګه,جرګ
خبرې,خبر
شرکت,شرکت
لاندې,لاندې
لخوا,لخوا
کولی,کول
لری,لرل
شته,شته
څومره,څوم 
ځای,ځای
هغو,هغو
ولسی,ولس
اوس,اوس
باید,باید
نجونو,نجلۍ
ډېره,ډېره
اوښتې,اوښتل
خپلې,خپل
ویل,ویل
شول,کېدل
بیو,بیو
غوښتنه,غوښتل
مطالب,مطالب
جوړېږی,جوړېدل
نورو,نور
ښځو,ښځه
کوم,کوم
وروستیو,وروست
نړۍ,نړۍ
ښځې,ښځه
تېر,تېر
نړیوال,نړۍ
لوړو,لوړ
ټاپو,ټاپو
محتوا,محت 
زیاته,زیات
بهرنیو,بهرن
مخکې,مخکې
مبارزه,مبارز
اسلام,اسلام
کلونو,کال
کېږی,کېدل
مرګ,مرګ
ژوبله,ژوبل
کډوالو,کډوال
خپلو,خپل
آباد,اباد
جګړه,جګړ
هڅه,هڅ
اسداباد,اسداباد
ټول,ټول
خوندیتوب,خوندی
هېوادونو,هېواد
وینا,وینا
سون,سون
بدن,بدن
پرتله,پرتل
خوب,خوب
ورځې,ورځ
څېر,څېر
ماشومانو,ماشوم
وئیلی,ویل
ځینو,ځین
فوټبال,فوټبال
تښتونې,تښتول
جام,جام
بریتانیا,بریتا 
پولیس,پولیس
تنګی,تنګ
مرسته,مرس 
دواړو,دواړ
خوا,خوا
زیات,زیات
کورنیو,کور
ښار,ښار
ټولنیزو,ټولن
اریجیت,اریجیت
مینه,مین
امریکایی,امریکا
لومړی,لومړ
خاورې,خاور
هرمز,هرمز
پرې,پرې
لوبډلې,لوبډل
شوې,کېدل
خلکو,خلک
کې,کې
اغېز,اغېز
هند,هند
ونه,ون
ډونلډ,ډونلډ
غواړی,غوښ 
ګډون,ګډون
سینګ,سینګ
فیصله,فیصل
رسنۍ,رسن
نوې,نوی
نوم,نوم
میاشتې,میاشت
سرطان,سرطان
کېدو,کېدل
کچه,کچه
خپله,خپل
ډېرې,ډېرې
تېل,تېل
خارګ,خار 
جاری,جار
ښاغلی,ښاغل
مخنیوی,مخنی 
خلک,خلک
تازه,تازه
انرژۍ,انرژ
پام,پام
جنسی,جنس
تړاو,تړاو
ورځو,ورځ
دقیقې,دقیق
کاروونکو,کار  
سیمې,سیم
سعودی,سعود
لرو,لرل
وکړه,کول
اعلی,اعل
نورې,نور
لوبې,لوب
اختر,اختر
همدې,همدې
پوله,پول
ورکړه,ورکول
سیمه,سیم
وی,وي
میاشت,میاشت
زیاتوی,زیاتول
پښتو,پښتو
شمېر,شمېر
نږدې,نږدې
رامنځته, منځته
تاریخی,تاریخ
امنیتی,امنیت
خواله,خواله
کابل,کابل
لومړۍ,لومړ
ژوند,ژوند
ادارې,ادار
مشرانو,مشر
وه,وه
طورخم,طورخم
مشر,مشر
انسټاګرام,انسټاګرام
سیمو,سیم
سوریې,سوریې
وکړ,کول
ورکړی,ورکول
حال,حال
جنګی,جنګ
الوتکې,الوتک
ختیځ,ختیځ
حملې,حمل
عدالت,عدالت
روژه,روژ
توپیر,توپیر
ترهه,تره
هندی,هند
ګوډا,ګوډا
پوهېږو,پوهېدل
پوځ,پوځ
پلان,پلان
کتابونو,کتاب
جوړ,جوړ
پېښې,پېښ
تړلې,تړل
دفاع,دفاع
بېا,بیا
سفارتخانے,سفارت
نفتو,نفت
کړل,کول
ښکاری,ښکار
روانې,روان
زره,زر
ماشومان,ماشوم
زیان,زیان
سزا,سزا
لوړه,لوړ
ستونزو,ستونز
بریدونه,برید
باور,باور
جدی,جدی
ځواکونو,ځواک
بېرته,بېرته
بندیز,بندیز
عمر,عمر
ګټه,ګټ
بېلابېلو,بېلابېل
لامل,لامل
شاوخوا,شا 
پکې,پکې
زموږ,زموږ
څېړنې,څېړل
عمله,عمله
محفوظ,محفوظ
روسیې,روسیې
لیدل,لیدل
کتابونه,کتاب
سیالۍ,سیال
راهیسې,راهیسې
بمباری,بمبار
توکی,توک
شویو,کېدل
ډزې,ډز
بیان,بیان
ژوبل,ژوبل
اوږدو,اوږد
کبله,کبله
توغندیز,توغند
بڼه,بڼ
نامتو,نامتو
خوړلو,خوړل
خبری,خبر
بشری,بشر
لاره,لار
پښتونخوا,پښتونخوا
مېټا,میټا
الګوریتم,الګوریتم
روژې,روژ
رژیم,رژیم
ترسره,ترسره
اسیا,اسیا
مرکز,مرکز
ټیم,ټیم
میانمار,میانمار
پېښو,پېښ
لنډې,لنډ
ویډیوګانې,ویډیو
حکومته,حکومت
کلونه,کال
ډالۍ,ډال
بدیلې,بدیل
شېبه,شېب
کاله,کال
وزن,وزن
منځنی,منځن
څېړنه,څېړل
کتابتون,کتاب
مخه,مخ
متحده,متحد
کورنۍ,کور
څخه,څخه
رسمی,رسم
ترې,ترې
ښیی,ښودل
بند,بند
عرف,عرف
مینې,مین
پای,پای
هیله,هیل
لوی,لوی
چارواکی,چارواک
سوداګرۍ,سوداګر
مور,مور
کوله,کول
تاوتریخوالی,تاوتری 
وزیراعظم,وزیراعظم
همدارنګه,همدارنګه
سخت,سخت
مالی,مال
دیمونا,دیمونا
لیکنې,لیکل
انسان,انسان
لاس,لاس
بله,بله
میلیونه,میلیون
ښوونځیو,ښوون
پورته,پورته
ملتونو,ملت
دوو,دوه
انلاین,انلاین
عراق,عراق
کارول,کارول
زما,زما
هېڅ,هېڅ
ورسره,ورسره
راپور,راپور
سندره,سندر
ځوانانو,ځوان
توانائۍ,توانائۍ
تنصیباتو,تنصیباتو
وژلې,وژل
مطابق,مطابق
نیت,نیت
ایرانی,ایران
یاد,یاد
ورکړل,ورکول
مهال,مهال
نړیواله,نړۍ
وو,وو
ویاند,ویاند
شویدی,شوېد
کارکوونکی,کار کول
راغلی,راتلل
معلومات,معلوم
درې,درې
سیستمونه,سیستم
هنرمند,هنرمند
قصابی,قصاب
ویجاړی,ویجاړ
لوبو,لوب
راشد,راشد
حقونو,حق
تړلو,تړل
سلنه,سلن
پړاو,پړاو
وېره,وېر
الله,الله
تور,تور
مجرم,مجرم
څوک,څوک
اندونیزیا,اندونیزیا
عمره,عمره
ټولنیزې,ټولن
اخیستل,اخیستل
جنوری,جنور
شامل,شامل
ځان,ځان
دومره,دومره
جوړولو,جوړول
پوهنتون,پوهن
ادعا,ادعا
کړې,کول
دولتی,دولت
کونسل,کونسل
مربوطه,مربوط
دلته,دلته
نیول,نیول
یوټیوب,یوټیوب
لوری,لوری
هوایی,هوا
روغتیا,روغ
کچې,کچ
لوړ,لوړ
اداره,ادار
ولایتونو,ولایت
دنده,دند
ساتلو,ساتل
منځ,منځ
هره,هره
ازبیکستان,ازبیک
نشته,نشته
مرکزی,مرکز
اړتیا,اړ
بنسټ,بنسټ
کرښې,کرښ
وال,وال
ماشوم,ماشوم
اسټرالیا,اسټرالیا
حقیقت,حق 
مرستې,مرست
لیدو,لیدل
لوستلو,لوستل
منځه,منځ
ځواک,ځواک
فضل,فضل
وادۀ,واده
آئینی,آئینی
وژلی,وژل
لومړیتوب,لومړی
پخوانی,پخوان
ورکوی,ورکول
لیکلی,لیکل
بندوی,بندول
روغتیایی,روغتیا
شو,کېدل
منځنۍ,منځن
پراخ,پراخ
موټر,موټر
پرېکړې,پرېکړ
دننه,دننه
روانی,روان
اغېزو,اغېز
شرم,شرم
کمول,کمول
ډالرو,ډالر
راتلونکې,راتلل
شپږ,شپږ
پاک,پاک
پیدا,پیدا
همدا,همدا
پېښه,پېښ
ملګرو,ملګر
میلیونو,میلیون
نړیوالې,نړۍ
کول,کول
خطر,خطر
مشهور,مشهور
بېلګې,بېلګ
ولاړ,ولاړ
لګښت,لګښت
برخې,برخ
دوام,دوام
سمندری,سمندر
اجازه,اجاز
ریلز,ریلز
ککې,ککې
لوجې,لوجې
نکاح,نکاح
عبوری,عبور
جاوید,جاوید
اړوند,اړوند
ولایت,ولایت
تېری,تېری
میاشتنی,میاشت
لویه,لوی
مذهبی,مذهب
لاسرسی,لاسرس
توغندی,توغند
ملګری,ملګر
کیږی,کېدل
ونیسی,نیول
بندیزونه,بندیز
کمښت,کمښت
ځانګړې,ځان 
ټوکه,ټوک
نژدې,نژدې
اسانه,اسان
واورئ,اورېدل
نظر,نظر
سازمان,سازمان
درملنې,درمل
بیه,بیه
ارزښت,ارزښت
ډېرو,ډېرو
غوښتل,غوښتل
وپېژندل,پېژندل
کاناډا,کاناډا
رحم,رحم
کومه,کومه
لوبغاړو,لوبغاړ
افریقا,افریقا
عرب,عرب
خبرونو,خبر
مرغومی,مرغوم
تېرو,تېر
اصلی,اصل
کوونکی,کول
ولسمشر,ولسمشر
تولید,تولید
رامیا,رامیا
تښتوونکی,تښتول
اژانس,اژانس
چارواکو,چار 
پښتون,پښتون
خاوند,خاوند
مولوی,مولوي
فلمونو,فلم
سندرو,سندر
موسیقۍ,موسیق
ټیمونو,ټیم
لاهور,لاهور
ادبی,ادب
پلار,پلار
کاوه,کول
تائید,تایید
پرېکړه,پرېکړ
صنعتی,صنعت
مرستیال,مرستیال
واردات,واردات
تیو,تیو
رسېدلی,رسېدل
عادت,عادت
وروستی,وروس 
نوموړی,نوموړ
غوراوی,غوره
کړ,کول
انتظار,انتظار
لوړې,لوړ
بشپړه,بشپړ
رول,رول
کیمیاوی,کیمیاوي
پېښوی,پېښول
پیرل,پېرل
هاربر,هاربر
بدل,بدل
خبر,خبر
احتمالی,احتمال
هڅو,هڅ
راز,راز
شخړې,شخړ
ځواب,ځواب
احمد,احمد
بوټ,بوټ
خدای,خدای
ماښام,ماښام
لوبډله,لوبډل
غوره,غوره
پلټفارمونه,پلټفارم
ژبې,ژب
لور,لور
ملاتړ,ملاتړ
ډېری,ډېری
اسلامی,اسلام
ولری,لرل
ډلې,ډل
شپې,شپ
جلا,جلا
څرګند,څرګند
کاروونکی,کارول
معلوماتو,معلوم
موضوع,موضوع
خبره,خبر
کنټرول,کنټرول
اقتصادی,اقتصاد
لګولو,لګول
نښه,نښ
محصول,محصول
طبیعی,طبیع
ګڼل,ګڼل
تښتول,تښتول
ایټم,ایټم
منشیات,منش 
عمرۍ,عمر
کیدیشی,کېدل
وزیراعلی,وزیراعل
سیکیورټی,سیکیورټی
ثنا,ثنا
ترمخه,ترمخه
سفر,سفر
نفتی,نفت
صادراتو,صادر
سپاه,سپاه
ټپیان,ټپی
اېکس,اېکس
تاوان,تاوان
جنوبی,جنوب
وینې,وین
پیله,پیل
نشی,نشي
لومړنی,لومړ
محکمې,محکم
خوری,خوړل
اخلی,اخیستل
شخصیت,شخص
علی,علی
منصف,منصف
سندرغاړی,سندرغاړ
ایف,ایف
اوونۍ,اونۍ
سختې,سخت
ویښتانو,ویښت
کارېږی,کارېدل
سپک,سپک
غوښتنې,غوښتل
هوسیو,هوس
نسل,نسل
ساتنه,ساتل
هوکړې,هوکړ
ښونیز,ښونیز
افغانانو,افغان
ټاکل,ټاکل
کمولو,کمول
پراخه,پراخ
روان,روان
اغېزې,اغېز
سلا,سلا
مریم,مریم
لار,لار
بحث,بحث
منل,منل
کیسې,کیس
پامانی,پامان
مسلمان,مسلمان
ټولې,ټول
وګړو,وګړ
نړیوالو,نړۍ
عربی,عرب
ټوله,ټول
غوښتی,غوښتل
ټولنې,ټولن
جذب,جذب
ډوډۍ,ډوډۍ
خوړل,خوړل
میکروبیوم,میکروبیوم
تېره,تېر
اونۍ,اونۍ
مودې,مود
حالت,حالت
پیسې,پیس
ساتنې,ساتل
چمتو,چمتو
شخصی,شخص
ورکړې,ورکول
ودانۍ,ودان
صنعت,صنعت
لګول,لګول
ځایه,ځای
قانونی,قانون
اهم,اهم
ګلګت,ګلګت
دوران,دوران
خلاف,خلاف
ویشت,ویشت
ټاکره,ټاکر
کیلومتره,کیلومتر
اترې,اتر
پاسداران,پاسداران
خیبر,خیبر
اروپا,اروپا
غیر,غیر
کېدل,کېدل
لګولی,لګول
علوی,علوي
نیوکې,نیوک
دریو,درې
کاروی,کارول
والی,والی
وکړې,کول
کور,کور
لنډو,لنډ
کلن,کلن
فکر,فکر
نومېږی,نومېدل
ویډیوګانو,ویډیو
پنځه,پنځ
رازونو,راز
کالوریو,کالور
دری,درې
راوستو,راوستل
نیویارک,نیویارک
منلو,منل
انټرنېټ,انټرنېټ
سوېل,سوېل
کرنیزو,کرن
زرو,زر
ګام,ګام
جرم,جرم
ورکولو,ورکول
مشرتابه,مشرتابه
بنسټونو,بنسټ
موخه,موخ
نومبر,نومبر
روږدېدا,روږد 
بریده,برېد
کیسه,کیس
ماته,مات
کوچنۍ,کوچن
دویم,دویم
زړه,زړه
فشار,فشار
افشا,افشا
رښتیا,رښت
مهمو,مهم
نورا,نورا
اړیکه,اړیک
غبرګونونه,غبرګون
پلې,پلی
نهه,نهه
ځواکونه,ځواک
رمضان,رمضان
کېدای,کېدل
کالج,کالج
چلند,چلند
پوهان,پوه
سبا,سبا
احساس,احساس
غبرګون,غبرګون
ډډه,ډډه
دغې,دغې
لوېدیځ,لوېدیځ
سیالی,سیال
پیغام,پیغام
پنجاب,پنجاب
پوسټ,پوسټ
کانال,کانال
لویو,لوی
وې,وې
لاهم,لاهم
مهمه,مهم
بازار,بازار
چټک,چټک
ډاکټر,ډاکټر
شپه,شپ
کلی,کلی
ځله,ځل
کتاب,کتاب
حالاتو,حال
داخلی,داخل
کارکوونکو,کار کول
قضیو,قضی
نیک,نېک
انځورونه,انځور
فروش,فروش
ختمیدې,ختمېد
وفاقی,وفاقي
بلتستان,بلتستان
ګرو,ګر
آؤټ,آؤټ
لوفره,لوفره
آئی,آئی
لوړول,لوړول
جوړوی,جوړول
فېسبوک,فیسبوک
سیاست,سیاست
سیالیو,سیال
فتحی,فتح
اقتصاد,اقتصاد
نسمه,نسمه
لین,لین
سیاسی,سیاس
مرګژوبلې,مرګژوبل
موټیل,موټیل
همداراز,همداراز
فیصل,فیصل
موټرو,موټر
میټا,میټا
کړم,کول
لوبه,لوب
ترکیې,ترکیې
چټکۍ,چټک
پلی,پلی
اوسنی,اوسن
راتلونکی,راتلل
سیستم,سیستم
کلتور,کلتور
سهیل,سهیل
شویده,شوېد
پیښور,پېښور
تنه,تن
ټپی,ټپی
بندې,بند
بلکې,بلکې
کمه,کم
خپرونه,خپرول
لوبوی,لوبول
پایله,پایل
بدلولو,بدلول
انرژی,انرژ
جګړو,جګړ
وژغورو,ژغورل
ناروغی,ناروغ
فوټ,فوټ
کومې,کومې
کړکېچ,کړکېچ
ونو,ون
حاصلاتو,حاصل
کهولی,کهول
سامسن,سامسن
ګرین,ګرین
سږنی,سږن
اېل,ایل
چاته,چاته
پناه,پناه
کلنه,کلن
څار,څار
تورخم,تورخم
تړل,تړل
کونړ,کونړ
نورستان,نورستان
نجونې,نجلۍ
جرګې,جرګ
بلل,بلل
ژبه,ژب
اړینه,اړین
ډیورنډ,ډیورنډ
ورکول,ورکول
سوداګری,سوداګر
مړې,مړ
زېږېدلی,زېږېدل
کارګر,کار
واده,واده
ورزشی,ورزش
پایلوبې,پایلوب
ماتې,مات
ورسېده,رسېدل
لېرې,لېرې
سوپر,سوپر
وټاکل,ټاکل
سپوږمۍ,سپوږمۍ
کېدلی,کېدل
ادب,ادب
بندی,بندی
بالیووډ,بالیووډ
لنډ,لنډ
لیدلو,لیدل
څانګه,څانګ
تجربې,تجرب
سترې,ستر
کوچنی,کوچن
جمعې,جمع
برخو,برخ
موقعیت,موقع 
هوا,هوا
عامه,عام
شوو,کېدل
څانګې,څانګ
تعامل,تعامل
توګه,توګ
ګډونوالو,ګډون
ساعت,ساعت
وروستۍ,وروست
لوړېدو,لوړېدل
جوړښت,جوړول
بادام,بادام
عمومی,عموم
بڼې,بڼ
لیکل,لیکل
پوسټونو,پوسټ
پرانیستل,پرانیستل
پرته,پرته
بشپړ,بشپړ
وسلې,وسل
څرګنده,څرګند
خورا,خورا
پوښتنه,پوښتل
نومې,نوم
خونې,خون
هلته,هلته
ښکاره,ښکاره
ښځه,ښځه
ورځی,ورتلل
خصوصی,خصوص
کوونکو,کول
تړون,تړون
عادی,عاد
فدراسیون,فدراسیون
تیم,ټیم
ګوګل,ګوګل
فلمی,فلم
ځوان,ځوان
شرکتونو,شرکت
جعلی,جعل
خوندی,خوندی
مقابله,مقابل
دریځ,دریځ
ایس,اېس
ایل,ایل
تیره,تېر
خېبر,خیبر
اهلکار,اهلکار
سول,سول
عسکری,عسکر
قیادت,قیادت
اجلاس,اجلاس
عوامی,عوام
مفاد,مفاد
مقدم,مقدم
معاشی,معاش
چیلنجز,چیلنجز
جامع,جامع
حلف,حلف
صدر,صدر
پشمول,پشمول
مخکښې,مخکښې
اووئیل,ویل
کرمه,کرم
په,په
او,او
چې,چې
له,له
ته,ته
یې,یې
پر,پر
سره,سره
هم,هم
دې,دې
هغه,هغه
نه,نه
دا,دا
تر,تر
یو,یو
به,به
لپاره,لپاره
یوه,یوه
خو,خو
که,که
ډېر,ډېر
یا,یا
څه,څه
څو,څو
موږ,موږ
وکړی,کول
نو,نو
یوې,یوې
هر,هر
هغې,هغې
بی,بي
ښه,ښه
لا,لا
بل,بل
نن,نن
کله,کله
دغو,دغو
مې,مې
مخ,مخ
پژواک,پژواک
هغوی,هغوی
ولسوالۍ,ولسوال
سی,سي
بې,بې
لکه,لکه
ریاست,ریاست
امارت,امارت
زه,زه
وړ,وړ
مو,مو
ځل,ځل
اوبو,اوب
ټینګار,ټینګار
و,و
ښوونځی,ښوون
خبرپاڼه,خبرپاڼ
پولیسو,پولیس
اوسه,اوسه
ښایی,ښایي
ستونزې,ستونز
چین,چین
ما,ما
سرچینې,سرچین
یادې,یاد
کولای,کول
لږ,لږ
ضد,ضد
وضعیت,وضعیت
یادو,یاد
اوسېدونکی,اوسېدل
کرکټ,کرکټ
اړیکو,اړیک
کم,کم
کړو,کول
زدهکړو,زدهکړ
یادونې,یادول
سر,سر
کس,کس
روغتون,روغ
کرنې,کرن
ناروغۍ,ناروغ
حل,حل
بورډ,بورډ
لاسه,لاس
غونډه,غونډ
را,را
پراختیا,پراخ
امنیت,امنیت
ان,ان
ترڅنګ,ترڅنګ
هرات,هرات
چا,چا
منډې,منډ
پوره,پوره
ځایی,ځای
ټکی,ټکی
حق,حق
ور,ور
څنګه,څنګه
چاپېریال,چاپېریال
بدلون,بدلول
سږ,سږ
ځمکې,ځمک
توپ,توپ
غږ,غږ
برابره,برابر
ولسوالیو,ولسوال
میاشتو,میاشت
مسوولینو,مسوول
ادارو,ادار
وشی,کېدل
پوهنې,پوهن
رییس,رییس
شل,شل
منډو,منډ
همکاریو,همکار
بهر,بهر
شورا,شورا
فعالیت,فعال
مخامخ,مخامخ
لوبډلو,لوبډل
ژر,ژر
ستونزه,ستونز
هیڅ,هېڅ
ددې,ددې
همکارۍ,همکار
امر,امر
غړی,غړی
ملا,ملا
چارې,چار
ثبت,ثبت
عملی,عمل
هدف,هدف
تل,تل
ځمکه,ځمک
ای,ای
پرمختګ,پرمختګ
قانون,قانون
برېښنا,برېښنا
هڅې,هڅ
یاده,یاد
یم,یم
جوړې,جوړ
مرستو,مرست
کندهار,کندهار
ملکی,ملک
بهیر,بهیر
زمینه,زمین
پی,پي
پلاوی,پلاوی
نظام,نظام
عملیاتو,عملیات
سم,سم
ناروغیو,ناروغ
باختر,باختر
اړیکې,اړیک
څنګ,څنګ
غزنی,غزني
مخابراتی,مخابرات
پروژې,پروژ
لرې,لرې
پیاوړتیا,پیاوړ
ګڼ,ګڼ
ډاډ,ډاډ
افغانۍ,افغان
مالدارۍ,مالدار
اخته,اخته
بریا,بریا
مسوولین,مسوول
اطلاعاتی,اطلاعات
اوبه,اوب
ښځینه,ښځینه
دواړه,دواړ
بن,بن
خبریالانو,خبریال
ټولګی,ټولګ
اطلاعاتو,اطلاعات
دولت,دولت
تګ,تګ
میلیون,میلیون
کیفیت,کیفیت
خوست,خوست
ناسته,ناست
علیه,علیه
دفتر,دفتر
استازی,استاز
څلورو,څلور
کی,کی
پخوا,پخوا
زدکړو,زدکړ
رئیس,رئیس
مقام,مقام
افغانیو,افغان
لیدنه,لیدل
عامې,عام
اړ,اړ
قطر,قطر
ګوند,ګوند
نوموړې,نوموړ
غونډې,غونډ
رسېدو,رسېدل
خدمتونو,خدمت
خبرداری,خبردار
واک,واک
سربېره,سربېره
ترڅ,ترڅ
تاسو,تاسو
چی,چی
ننګرهار,ننګرهار
درملو,درمل
لارو,لار
اروپایی,اروپا
وګړی,وګړ
دینی,دین
ګټې,ګټ
نېټه,نېټ
موبایل,موبایل
اماراتو,امارات
زیاتوالی,زیات
لږه,لږه
واخلی,اخیستل
تعالی,تعالی
بلې,بلې
ایا,ایا
اباد,اباد
لس,لس
ورکړ,ورکول
ویې,ویې
غړو,غړ
خپره,خپر
ډله,ډل
راپورونو,راپور
کوو,کول
پنځو,پنځ
عملیات,عملیات
پاملرنه,پاملرن
برابر,برابر
اور,اور
تخنیکی,تخنیک
درېیو,درې
ګډ,ګډ
رپوټ,رپوټ
رسول,رسول
ورزش,ورزش
لړ,لړ
سړی,سړی
تمه,تمه
روزنې,روزل
روښانه,روښان
درمل,درمل
راته,راته
راتګ,راتګ
بولی,بلل
یادونه,یادول
نامه,نام
پروژو,پروژ
لیګ,لیګ
نیولی,نیول
فعال,فعال
پروګرام,پروګرام
اعلامیه,اعلامی
ځایونو,ځای
ډګر,ډګر
مبارزې,مبارز
افغانان,افغان
واکسین,واکسین
ټی,ټي
درلود,لرل
پسې,پسې
مناسب,مناسب
امام,امام
اقدام,اقدام
مرکزونو,مرکز
قوماندانۍ,قوماندان
ګڼو,ګڼ
علمی,علم
سرچینو,سرچین
وده,وده
ټولنه,ټولن
اقلیمی,اقلیم
زدهکړې,زدهکړ
ګواښ,ګواښ
مراسمو,مراسم
ستر,ستر
راتلونکو,راتلل
تېرې,تېر
در,در
اړوندو,اړوند
کرونا,کرونا
سهار,سهار
حضرت,حضرت
روانه,روان
پانګونې,پانګون
نړۍوال,نړۍوال
مجاهد,مجاهد
اې,اې
څېړنو,څېړل
پایلې,پایل
اوسمهال,اوسمهال
ټنه,ټنه
مېرمن,مېرمن
وړتیا,وړ
مړه,مړ
دویمه,دویم
نیمه,نیم
شتون,شتون
کورونو,کور
زوی,زوی
زرګونه,زر
سیسټم,سیسټم
طبی,طبی
وغوښتل,غوښتل
نشتوالی,نشت
مسلکی,مسلک
کډوال,کډوال
همکاری,همکار
مشرۍ,مشر
هکله,هکله
ایالت,ایالت
تللی,تلل
سختو,سخت
پرون,پرون
نیولو,نیول
محصولاتو,محصول
دغهراز,دغهراز
نارینه,نارین
اوربند,اوربند
لسو,لسو
نړۍوالو,نړۍوال
مال,مال
ککړتیا,ککړ
بللی,بلل
زدهکوونکی,زده کول
ولس,ولس
سوداګرو,سوداګر
سترګو,سترګ
کاری,کار
سفیر,سفیر
کلتوری,کلتور
شپږو,شپږ
ژمنه,ژمن
خپرولو,خپرول
زیاتې,زیات
ډالر,ډالر
فعالیتونو,فعال
درملنه,درمل
لومړنۍ,لومړ
ورځنیو,ورځن
لرونکی,لرل
کمېټې,کمېټ
کمېسیون,کمېسیون
اوسېدونکو,اوسېدل
اندېښنې,اندېښن
اداری,ادار
دایکنډی,دایکنډي
لومړیو,لومړ
ښې,ښې
همغږۍ,همغږ
خبرپاڼې,خبرپاڼ
ودې,ودې
جوړېدو,جوړېدل
خپور,خپور
غورځنګ,غورځنګ
اټکل,اټکل
اته,اته
بنګله,بنګله
پرمهال,پرمهال
سپین,سپین
ولې,ولې
حاصلات,حاصل
ووژل,وژل
تایید,تایید
یی,یي
من,من
مدیریت,مدیر
کب,کب
راځی,راتلل
وار,وار
ناستې,ناست
ونیول,نیول
کارولو,کارول
لوبغالی,لوبغال
اندېښنه,اندېښن
استفاده,استفاد
امنیه,امنی
سویلی,سویل
شیخ,شیخ
پیاوړی,پیاوړ
ژغورنې,ژغورل
جی,جي
سلګونه,سل
ګډه,ګډ
ستا,ستا
مېړه,مېړ
شبکو,شبک
ژوندی,ژوند
شری,شری
معیاری,معیار
ابراهیم,ابراهیم
بوخت,بوخت
مه,مه
نښې,نښ
زدهکوونکو,زده کول
مسوولیت,مسوول
ثبات,ثبات
نیمروز,نیمروز
وړاندیز,وړاندیز
کورنی,کور
بانک,بانک
فضا,فضا
اغلې,اغل
پوه,پوه
سوداګریزو,سوداګر
کروندګرو,کروند
خوراکی,خوراک
قاچاق,قاچاق
لوګر,لوګر
مېرمنې,مېرمن
رد,رد
پوهنتونونو,پوهن
وسلم,وسلم
حکم,حکم
هماغه,هماغه
سخته,سخت
تاسې,تاسې
کروندګر,کروند
اوبولګولو,اوبه لګول
مړینې,مړین
شنبې,شنب
نشهیی,نشه
غاړه,غاړ
صورت,صورت
رضی,رضی
عمل,عمل
شریک,شریک
ناروغانو,ناروغ
تجربه,تجرب
ناوړه,ناوړ
بجې,بج
سرو,سرو
امنیې,امنی
عبدالله,عبدالله
ټاکنو,ټاکل
زر,زر
زندان,زندان
ډیر,ډېر
لاسلیک,لاسلیک
اکتوبر,اکتوبر
نجلۍ,نجلۍ
بیې,بیې
خوښ,خوښ
متقی,متق
کمپاین,کمپاین
غزې,غزې
پیسو,پیس
نېټې,نېټ
ډزو,ډز
بریالی,بریال
پوهاوی,پوهاوی
هرکلی,هرکل
خپاره,خپار
شمالی,شمال
موادو,ماده
نیولې,نیول
استازو,استاز
ځینی,ځین
طالبان,طالب
اشاره,اشار
تحریک,تحریک
لوبډلمشر,لوبډلمشر
مثبت,مثبت
موندل,موندل
مواد,ماده
ترهګرۍ,ترهګر
اساسی,اساس
یعنې,یعنې
جون,جون
وکړو,کول
وشوه,کېدل
اړین,اړین
خدماتو,خدمات
کانونو,کان
زور,زور
پلور,پلور
پلورل,پلورل
شکایت,شکایت
فرصت,فرصت
منفی,منف
پېژندل,پېژندل
اوکرایین,اوکرایین
چنګاښ,چنګاښ
کېده,کېدل
خبریال,خبریال
شرایطو,شرط
شبکې,شبک
اسانتیاوې,اسان
صلی,صلی
غور,غور
ځی,تلل
ډلو,ډل
دمه,دمه
بزګرانو,بزګر
تورن,تور
جرمنی,جرمن
اخیستی,اخیستل
پایلوبه,پایلوب
درېیم,درېیم
یوځای,یوځای
پوښتنې,پوښتل
هوکړه,هوکړ
دروازې,درواز
چاودنې,چاودن
وسپارل,سپارل
کارونه,کار
فرانسې,فرانس
بللې,بلل
شپږم,شپږم
دین,دین
پلوه,پلو
ښکار,ښکار
خدمت,خدمت
سرپرست,سرپرست
ځمکو,ځمک
ورو,ورو
وږی,وږی
لیک,لیک
مسلمانانو,مسلمان
کتنه,کتل
تنظیم,تنظیم
حماس,حماس
غبرګولی,غبرګول
غویی,غوی
زدکړې,زدکړ
کلنۍ,کلن
اووه,اوو
کمزوری,کمزور
بلخ,بلخ
انسانی,انسان
بندر,بندر
ځدراڼ,ځدراڼ
تړلی,تړل
الدین,الدین
ګول,ګول
جاپان,جاپان
لېږدول,لېږدول
انسانانو,انسان
وګټله,ګټل
لسګونه,لس
شم,کېدل
فبرورۍ,فبرور
څرګندونې,څرګند
لېږد,لېږد
یوناما,یوناما
شریعت,شریعت
ټولنیز,ټولن
مېرمنو,مېرمن
لومړنیو,لومړ
ښوونکی,ښوول
رنګ,رنګ
چمتووالی,چمتو
پیاوړې,پیاوړ
منظم,منظم
ساتل,ساتل
ورور,ورور
کډوالۍ,کډوال
سپارښتنه,سپارښتن
منع,منع
خاوره,خاور
حکومتی,حکومت
اېکسپاڼه,اېکسپاڼ
مسوول,مسوول
ګروپ,ګروپ
جنورۍ,جنور
ورځنی,ورځن
راپورونه,راپور
نا,نا
درناوی,درناوی
عام,عام
ویروس,ویروس
دېش,دېش
لړم,لړم
لیدلی,لیدل
کښت,کښت
ګرځی,ګرځ
ساعتونو,ساعت
این,این
مننه,منن
ښارونو,ښار
بدنی,بدن
لېوالتیا,لېوال
فیسبوک,فیسبوک
کریم,کریم
ظرفیت,ظرفیت
جمهوریت,جمهور
بشپړې,بشپړ
دوامداره,دوامدار
ځانګړو,ځانګړ
وچکالۍ,وچکال
سفارت,سفارت
ابو,ابو
کوربه,کوربه
ورځنۍ,ورځن
وړی,وړل
تشخیص,تشخیص
کافی,کاف
آژانس,اژانس
ډالره,ډالر
بازارونو,بازار
چاره,چار
وساتی,ساتل
دفاعی,دفاع
برابرولو,برابرول
اصلاح,اصلاح
ناروغ,ناروغ
عنه,عنه
تطبیق,تطبیق
رسولو,رسول
لوبلړۍ,لوبلړ
سبب,سبب
موسسو,موسس
چاودنه,چاودن
سکټور,سکټور
لنکا,لنکا
اغېزمن,اغېز
سمه,سم
هېواده,هېواد
راټول,راټول
میلادی,میلاد
ښوونکو,ښوول
زیاتېدو,زیاتېدل
عصری,عصر
امیر,امیر
از,از
اصولو,اصل
پخپله,پخپله
ټکو,ټک
دندې,دند
قوانینو,قانون
لاسته,لاسته
روا,روا
وتلو,وتل
نیمایی,نیما
هلمند,هلمند
اخیستنې,اخیستل
وسیله,وسیله
لورو,لور
ځوانان,ځوان
شا,شا
ورسوی,رسول
منی,منی
عمران,عمران
حسن,حسن
برېښنایی,برېښنا
درسی,درس
قومی,قوم
نندارتون,نندار
رسېږی,رسېدل
درد,درد
نیسی,نیول
درلوده,لرل
زیانمن,زیان
معنا,معنا
بېلابېل,بېلابېل
رڼا,رڼا
ګډو,ګډ
سپارل,سپارل
سوداګر,سوداګر
ممکن,ممکن
خراب,خراب
زمری,زمر
کلنو,کلن
ښودلې,ښودل
وسلو,وسل
شریف,شریف
انګلنډ,انګلنډ
عربستان,عرب
ښاروالۍ,ښار
شان,شان
شنبه,شنبه
شرعی,شرع
ورزشکارانو,ورزش
اړخیزو,اړخیز
لویې,لوی
اوریزو,اور
روزونکی,روزل
نیم,نیم
وخته,وخت
منظور,منظور
ډاکټرانو,ډاکټر
رحمان,رحمان
ټېسټ,ټېسټ
لمر,لمر
ځلې,ځل
کاروبار,کاروبار
موجود,موجود
کیلوګرامه,کیلوګرام
چینایی,چینا
ازادۍ,ازاد
ښودل,ښودل
بهرنی,بهرن
ارزونې,ارزول
جرمونو,جرم
اګست,اګست
نندارې,نندار
داعش,داعش
ډی,ډي
چوکاټ,چوکاټ
کارونو,کار
ګاونډیو,ګاونډ
اهمیت,اهمیت
بار,بار
مټ,مټ
مرکزونه,مرکز
پلازمېنه,پلازمېن
حقانی,حقان
کړئ,کول
موضوعاتو,موضوع
چېرې,چېرې
ګل,ګل
اصل,اصل
غزه,غزه
اسانتیاوو,اسان
دوشنبې,دوشنب
څرګندونو,څرګند
محدود,محدود
ګټلې,ګټل
ناروغان,ناروغ
مستقیم,مستقیم
قضیه,قض 
پکتیا,پکت
اوږدې,اوږد
هیواد,هېواد
نظامی,نظام
پارلمان,پارلمان
ګټلو,ګټل
عاید,عاید
پښتین,پښتین
لسیزو,لسیز
مونږ,مونږ
کموالی,کموال
مقابل,مقابل
پوستکی,پوستک
اېس,اېس
ساعته,ساعت
اندېښمن,اندېښمن
قضایی,قضا
فرهنګ,فرهنګ
شئ,کېدل
فلسطین,فلسطین
مسکو,مسکو
شلو,شلو
ګڼی,ګڼي
اخیستو,اخیستل
سرحدی,سرحد
پانګونه,پانګون
برابرې,برابر
فعالیتونه,فعال
ټولګیو,ټولګ
وکیل,وکیل
پېل,پیل
ټویټر,ټویټر
جومات,جومات
بد,بد
لرونکو,لرل
واشنګټن,واشنګټن
تېرېدو,تېرېدل
فعاله,فعال
ماڼۍ,ماڼ
ډېرېدو,ډېرېدل
ایالتونو,ایالت
غلا,غلا
کرښه,کرښ
ستاسو,ستاسو
هېڅکله,هېڅکله
ساه,ساه
ازاد,ازاد
وکولای,کول
مخابراتو,مخابر
پروژه,پروژ
علم,علم
مقاومت,مقاومت
ونډه,ونډ
لیدنې,لیدل
کولې,کول
معلومه,معلوم
خوشې,خوش
قضیې,قضی
سوداګریز,سوداګر
۱۴۰۰ل,۱۴۰۰ل
قاری,قار
ناقانونه, قانون
حساب,حساب
خپرېدو,خپرېدل
اپ,اپ
حضور,حضور
نویو,نوی
مصر,مصر
انځور,انځور
اخیستلو,اخیستل
رحمه,رحم
شهیدان,شهید
سید,سید
غواړو,غوښتل
اتو,اتو
تعلیمی,تعلیم
مناسبت,مناسبت
هرې,هرې
بدلونونو,بدلول
پرلپسې,پرلپسې
لاسی,لاس
کنفرانس,کنفرانس
ډک,ډک
تله,تله
اټومی,اټوم
وکړل,کول
ژمن,ژمن
قاضی,قاض
سرتېری,سرتېر
کتو,کتل
متره,متر
فوټسال,فوټسال
سل,سل
پراخې,پراخ
بلخوا,بلخوا
ونې,ون
ښکلا,ښکلا
کلیو,کلی
ګامونه,ګام
اخیستې,اخیستل
انصاف,انصاف
موسسې,موسس
نبی,نبی
واټن,واټن
افغانی,افغان
شرط,شرط
ورسېږی,رسېدل
پخوانیو,پخوان
باران,باران
پښو,پښ
سرې,سرې
مشران,مشر
پرتو,پرت
دلیل,دلیل
ټیټه,ټیټ
ډوله,ډول
اتلولی,اتلول
پروسس,پروسس
استاد,استاد
محمود,محمود
طالب,طالب
ژور,ژور
پاکستانه,پاک
مرکه,مرک
ګټو,ګټ
اترو,اتر
زیاتو,زیات
بندیزونو,بندیز
محدودیتونو,محدود
لېندۍ,لیند
خونو,خون
پۀ,په
زیانونه,زیان
سړک,سړک
مدیر,مدیر
وړیا,وړیا
لرم,لرل
پښتنو,پښتون
سیال,سیال
وکړئ,کول
ورپسې,ورپسې
میدان,میدان
تاجکستان,تاجک
بدلونونه,بدلول
وسایل,وسیله
جامې,جام
یکشنبې,یکشنب
خدمات,خدمات
اورونو,اور
پستې,پست
اعشاریه,اعشاریه
وباله,بلل
ولیدل,لیدل
لندن,لندن
ټیټ,ټیټ
شمال,شمال
جوړول,جوړول
دایمی,دایم
کمپ,کمپ
عالی,عال
اساس,اساس
حاصل,حاصل
بیارغونې,بیارغول
خولې,خول
درېیمه,درېیم
تمرکز,تمرکز
وای,وای
کلنې,کلن
لاړ,تلل
راستنېدونکو,راستن 
روغتونونو,روغ
جولای,جولای
میراث,میراث
مړی,مړی
کمېدو,کمېدل
سلطان,سلطان
اړخه,اړخ
ټاکلو,ټاکل
ګډې,ګډ
خدمتونه,خدمت
توان,توان
سترګې,سترګ
ځنګلونو,ځنګل
افغانستانه,افغان
شکر,شکر
زرګونو,زر
اقدامات,اقدام
قوله,قول
یووالی,یووال
بوټی,بوټ
جایزې,جایز
کارپوهان,کارپوه
شمېرې,شمېر
سترو,ستر
دوهم,دوهم
دوې,دوه
کره,کره
محصولات,محصول
وشو,کېدل
وطن,وطن
شاملې,شامل
ملک,ملک
تعلیم,تعلیم
وژنې,وژل
سیمهییزو,سیم
کثافاتو,کثافات
جوزجان,جوزجان
زېږون,زېږول
کمې,کم
ارګانونو,ارګان
سملاسی,سملاس
ستره,ستر
پروګرامونو,پروګرام
مړ,مړ
پور,پور
پکتیکا,پکتیکا
ګواکې,ګواکې
ملت,ملت
خبریالان,خبریال
هیلې,هیل
مېشت,مېشت
جبری,جبر
اوریز,اور
کشف,کشف
ومومی,موندل
وم,وم
اوږده,اوږد
ښکته,ښکته
وړل,وړل
انتقال,انتقال
عظمت,عظمت
صاحب,صاحب
پوځیانو,پوځ
اوښتی,اوښتل
لغوه,لغو
متخصص,متخصص
کارپوه,کارپوه
انګلستان,انګلستان
لاریون,لاریون
چاپ,چاپ
مخالفت,مخالفت
پخوانۍ,پخوان
ژمی,ژمی
کوریا,کوریا
سمون,سمون
واکمنېدو,واکمنېدل
کورونه,کور
ګټور,ګټور
دود,دود
شرکتونه,شرکت
ثابت,ثابت
وېش,وېش
شمېرو,شمېر
ښاری,ښار
عدلی,عدل
معرفی,معرف
۱۴۰۱ل,۱۴۰۱ل
ګڼې,ګڼ
نتیجه,نتیجه
اسناد,سند
لازم,لازم
فرصتونو,فرصت
ناسم,ناسم
نوملړ,نوملړ
خوند,خوند
ژباړه,ژباړ
ترڅو,ترڅو
پهکې,پهکې
الحق,الحق
مګر,مګر
راستانه,راستانه
څارویو,څاروی
کړنو,کول
فرمان,فرمان
قوماندانی,قوماندان
غوښتنو,غوښتل
کانکور,کانکور
سیمهییز,سیم
امین,امین
میلیارده,میلیارد
هنر,هنر
بدیل,بدیل
سې,سې
لرله,لرل
سوه,سو
دورې,دور
درجه,درج
محدودیتونه,محدود
ښودلی,ښودل
نیالګی,نیالګ
تعقیب,تعقیب
چاپېریالی,چاپېریال
رسوی,رسول
وړلو,وړل
باوری,باور
محصلینو,محصل
مختلفو,مختلف
وسایلو,وسیله
مصرف,مصرف
یادولو,یادول
اپرېل,اپرېل
صفر,صفر
ډونالډ,ډونالډ
پرلت,پرلت
استرالیا,استرالیا
فزیکی,فزیک
نننۍ,ننن
فابریکې,فابریک
سلنې,سلن
رحمت,رحمت
ادا,ادا
ټکر,ټکر
سریلانکا,سریلا
پراختیایی,پراخ
معلوماتی,معلومات
شوم,کېدل
عامو,عام
موندلو,موندل
اسیایی,اسیا
څېړونکی,څېړل
سوېلی,سویل
ودانیو,ودان
کوربتوب,کوربه
علومو,علم
واټس,واټس
رویټرز,رویټرز
دویمې,دویم
سیالې,سیال
څرګندوی,څرګندول
ډاکتر,ډاکتر
چاپېریال ساتنې,چاپېریالساتنې
بدخشان,بدخشان
ایرلنډ,ایرلنډ
څلورم,څلورم
ډرون,ډرون
خوله,خول
ساده,ساده
وینه,وین
اوږد,اوږد
شهرت,شهرت
با,با
میلیارد,میلیارد
پروګرامونه,پروګرام
امکاناتو,امکان
واخیستل,اخیستل
اتلولۍ,اتلول
غواړم,غوښتل
بدله,بدل
وشوې,کېدل
کلب,کلب
افسر,افسر
امکان,امکان
سند,سند
خوښی,خوښ
رسمیت,رسمیت
ناټو,ناټو
کلکه,کلک
مرستندویه,مرستندوی
نړۍوالې,نړۍوال
ټولټال,ټولټال
نیوزیلنډ,نیوزیلنډ
اعلامیې,اعلامی
وکتل,کتل
قربانیانو,قربانی
پټ,پټ
راوړی,راوړل
رسېدلې,رسېدل
مخکښ,مخکښ
ئې,یې
ستاینه,ستایل
ماموریت,ماموریت
حقونه,حق
تولیداتو,تولید
حاکمیت,حاکم
معین,معین
اقلیم,اقلیم
ملتونه,ملت
شهید,شهید
غنمو,غنم
ستونزمن,ستونز
فطرت,فطرت
خپرې,خپر
کړای,کول
واکمنۍ,واک
ازموینه,ازمویل
ډبرو,ډبر
مسایلو,مسئله
کرل,کرل
پاریس,پاریس
څېرمه,څېرم
همدغه,همدغه
بده,بد
فی,فی
صادر,صادر
روسی,روس
زندانونو,زندان
مولانا,مولانا
نفوس,نفوس
وهلو,وهل
الوتکو,الوتک
دوره,دور
پایلو,پایل
تلو,تلل
فدرالی,فدرال
چاپیریال,چاپېریال
مساوی,مساوی
تورونه,تور
کراچۍ,کراچ
استازیتوب,استاز
شبکه,شبک
پنجشنبې,پنجشنب
ترکمنستان,ترکمن
ډیره,ډېره
کمپنۍ,کمپن
روزنه,روزل
وتلی,وتل
ګوری,کتل
موندنې,موندل
راپورته,راپورته
نومونه,نوم
کان,کان
ددوی,ددوی
پاملرنې,پاملرن
ار,ار
رپوټونه,رپوټ
ساتی,ساتل
وهل,وهل
اتحاد,اتحاد
اوږدمهاله,اوږدمهال
برخلیک,برخلیک
خونه,خون
لیکوال,لیکوال
قوی,قوی
څوکۍ,څوکۍ
حریم,حریم
صندوق,صندوق
قزاقستان,قزاق
خوشی,خوش
رپوټونو,رپوټ
می,می
بنده,بند
ښکېل,ښکېل
صادرات,صادر
تا,تا
صحیح,صحیح
بادغیس,بادغیس
ایټالیا,ایټالیا
ولایتی,ولایت
جلال اباد,جلالاباد
آن,ان
زمبابوې,زمبابوې
حجاب,حجاب
پوتین,پوتین
ډاګه,ډاګ
لسیزې,لسیز
موسم,موسم
هویت,هویت
پلازمېنې,پلازمېن
مالیې,مالی
بغلان,بغلان
جان,جان
بالاخره,بالاخره
ولاړه,ولاړ
بریدګر,برید
مانا,مانا
پېژندنې,پېژندل
همداسې,همداسې
خواشینی,خواشین
جهادی,جهاد
غونډو,غونډ
راشی,راتلل
صدیق,صدیق
پایه,پای
خطرناک,خطر
لمریز,لمریز
مرمۍ,مرم
پټلۍ,پټل
ټاکلی,ټاکل
فعالانو,فعال
حرکت,حرکت
سه,سه
سړې,سړ
ارام,ارام
استول,استول
راوړل,راوړل
مات,مات
پرېږدی,پرېښودل
ژره,ژره
ګناه,ګناه
پولې,پول
یرغل,یرغل
ازموینې,ازمویل
ننګونو,ننګول
پریکړه,پرېکړ
مسلمانان,مسلمان
ناڅاپی,ناڅاپ
ورنه,ورنه
غرونو,غر
تګلارې,تګلار
بېړۍ,بېړ
ایالاتو,ایالات
برابروی,برابرول
جهاد,جهاد
اثار,اثر
دروازه,درواز
فاریاب,فاریاب
السلام,السلام
حافظ,حافظ
فعالې,فعال
ټولنو,ټولن
منلی,منل
مهاله,مهال
قیمت,قیمت
وارداتو,وارد
نجیب,نجیب
عمری,عمر
رنګه,رنګ
غندلی,غندل
رامنځ,رامنځ
مذاکراتو,مذاکر
څښاک,څښاک
سلګونو,سل
خاطر,خاطر
ترتیب,ترتیب
قربانی,قربانی
حج,حج
امارتی,امارت
عباس,عباس
تن,تن
ابن,ابن
ښوونیز,ښوون
تنو,تن
ارزښتونو,ارزښت
اخیستونکی,اخیستل
لازمې,لازم
اړولی,اړول
موندلې,موندل
جایزه,جایز
کوره,کور
وېشل,وېشل
دوبۍ,دوب
ټینګښت,ټینګول
اشرف,اشرف
ووایی,ویل
پېړۍ,پېړ
عثمان,عثمان
فرهنګی,فرهنګ
استخباراتی,استخبارات
اوکراین,اوکراین
بیبیسی,بیبیس
بندېدو,بندېدل
اسنادو,سند
روسیه,روسیه
ایستل,ایستل
ځنډ,ځنډ
اوسپنې,اوسپن
دقیقه,دقیق
اړخیز,اړخیز
استفادې,استفاد
دنیا,دنیا
کچالو,کچالو
ستوری,ستور
ساینس,ساینس
درک,درک
راډیو,راډیو
ټکنالوژۍ,ټکنالوژ
اضافی,اضاف
هنری,هنر
نوره,نور
خپلواک,خپلواک
ناست,ناست
اوو,اوو
بېځایه,بېځایه
ورغلی,ورتلل
جریان,جریان
شک,شک
بشپړېدو,بشپړېدل
علماوو,عالم
ساری,سار
معلوم,معلوم
وبلل,بلل
پټه,پټ
سړو,سړ
غچ,غچ
بنسټیز,بنسټ
موبایلونو,موبایل
ځایونه,ځای
وچې,وچ
نقض,نقض
مثبتې,مثبت
تنفسی,تنفس
بری,بری
حاجی,حاج
ایستلو,ایستل
مسؤلیت,مسؤل
فراه,فراه
معمولا,معمولا
سمندر,سمندر
تدریس,تدریس
مرغه,مرغ
اولمپیک,اولمپیک
راغلې,راتلل
څارنې,څار
تګلاره,تګلار
غیرقانونی,غیرقانون
ورځپاڼې,ورځپاڼ
همغږی,همغږ
الوتکه,الوتک
امکانات,امکانات
اوزبېکستان,اوزبیکستان
پولیو,پولیو
ریاست الوزراء,ریاستالوزرا
عمرزی,عمرز
هیوادونو,هېواد
سپتمبر,سپتمبر
بنسټونه,بنسټ
نیوکه,نیوک
طب,طب
تجربو,تجرب
واکمن,واک
پالیسۍ,پالیس
داخل,داخل
کړنې,کول
حوزې,حوز
لټون,لټون
کرنیز,کرن
سیند,سیند
دښمن,دښمن
مېوو,مېو
خوښه,خوښ
لاملونه,لامل
ویاړ,ویاړ
روانو,روان
عالم,عالم
احتجاج,احتجاج
محکمه,محکم
پلټنې,پلټ
لګېدلی,لګېدل
غاړې,غاړ
رسولی,رسول
وحشی,وحش
ریکارډ,ریکارډ
وبلله,بلل
حتی,حتی
برېتانیا,بریتانیا
پاکستانۍ,پاکستان
اړخ,اړخ
یوسف,یوسف
ډسمبر,ډسمبر
مشرې,مشر
لوړولو,لوړول
ایکس,ایکس
نوو,نوی
کوښښ,کوښښ
توپونو,توپ
اړتیاوو,اړتیا
ساتونکی,ساتل
تمرین,تمرین
لارښوونې,لارښوون
ترمیم,ترمیم
امن,امن
ګاونډی,ګاونډ
مدرسې,مدرس
شخص,شخص
بلنه,بلن
بېلا,بېلا
غاښونو,غاښ
پوځیان,پوځ
خواوو,خوا
خنډ,خنډ
جامو,جام
جنګ,جنګ
څلورمه,څلورم
عمان,عمان
سپینې,سپین
ښارګوټی,ښارګوټ
فرصتونه,فرصت
ګران,ګران
بزګر,بزګر
رسېدنه,رسېد
اثارو,اثر
بڼوال,بڼوال
خالد,خالد
فساد,فساد
الف,الف
ستانه,ستانه
کابو,کاب
ځانمرګی,ځانمرګ
ازبکستان,ازبک
کوچنیو,کوچن
پیلېږی,پیلېدل
یونیسف,یونیسف
ولی,ولی
خاورو,خاور
سوځېدو,سوځېدل
وړو,وړ
ګرام,ګرام
الهام,الهام
برادر,برادر
زون,زون
معیارونو,معیار
پرانیستې,پرانیستل
شوروی,شوروي
دقیق,دقیق
حسین,حسین
فیفا,فیفا
ژوره,ژور
خور,خور
ګاز,ګاز
سپټمبر,سپټمبر
خپګان,خپ
زرنج,زرنج
فابریکو,فابریک
اورېدو,اورېدل
عثمانی,عثمان
راولی,راوست
کیلو,کیل
سلیم,سلیم
ملګرتیا,ملګر
خوراک,خوراک
تراوسه,تراوسه
حیاتی,حیات
کېدی,کېدل
خلاص,خلاص
ییزو,ییز
وژلو,وژل
پاسپورټ,پاسپورټ
سرتېرو,سرتېر
غنی,غنی
ویزې,ویز
څاڅکی,څاڅک
شهادت,شهادت
خپلواکۍ,خپلواک
معاش,معاش
وجود,وجود
سږکال,سږکال
اسماعیل,اسماعیل
احتمال,احتمال
ښو,ښو
اول,اول
استعمال,استعمال
عبدالغنی,عبدالغني
اړخیزې,اړخیز
هواره,هوار
ګرځنده,ګرځنده
منځګړیتوب,منځګړ
فرمایی,فرمای
پلورونکی,پلورل
ارزونه,ارزول
اړتیاوې,اړتیا
ذبیحالله,ذبیحالله
څاروی,څاروی
جریبه,جریب
ځانونه,ځان
مشورې,مشور
ګنډاپور,ګنډاپور
ژبو,ژب
ماده,ماده
ییز,ییز
متقابل,متقابل
وېکټو,وېکټ
کارپوهانو,کارپوه
اوسنۍ,اوسن
پخلی,پخل
چېرته,چېرته
ایم,ایم
څرنګوالی,څرنګوال
مطبوعاتی,مطبوعات
پرمخ,پرمخ
پوهنځی,پوهنځ
بیعه,بیع
خیریه,خیریه
چهارشنبې,چهارشنب
اوړی,اوښتل
سمنګان,سمنګان
وکاروی,کارول
پروسه,پروس
غوښتونکی,غوښتل
شخړه,شخړ
کرایه,کرای
هرو,هرو
شیان,شیان
کښتۍ,کښت
ډاکټره,ډاکټر
درته,درته
لوړپوړی,لوړپوړ
شریکه,شریک
سلو,سلو
ډاکټران,ډاکټر
مراجعه,مراجع
اتلانو,اتل
ګټلی,ګټل
ددغه,ددغه
شیانو,شیان
کے,کې
بلوڅ,بلوڅ
چلن,چلن
ازادی,ازاد
موخو,موخ
رضا,رضا
وزیرانو,وزیر
فارغ,فارغ
وساتل,ساتل
اغېزناک,اغېز
وتړل,تړل
اشارې,اشار
کومو,کومو
فاروقی,فاروق
عن,عن
بوټو,بوټ
بندیان,بندی
میندو,مور
زیانونو,زیان
مېشتو,مېشت
اونیو,اونۍ
واخیست,اخیستل
اند,اند
خوښې,خوښ
داسی,داسي
اوسېدونکې,اوسېدل
ځانګړتیا,ځانګړ
کرنه,کرن
جریب,جریب
استادانو,استاد
اولادونو,اولاد
پنځم,پنځم
متحدو,متحد
بر,بر
قانع,قانع
شریکې,شریک
سوریه,سوریه
انکار,انکار
انتخاب,انتخاب
انټرنېټی,انټرنېټ
فورم,فورم
ذکر,ذکر
پنجشېر,پنج 
هېوادوالو,هېواد
کمپیوټر,کمپیوټر
ازموینو,ازمویل
اتحادیې,اتحادی
اعتراف,اعتراف
باجوړ,باجوړ
څرنګه,څرنګه
دوشنبه,دوشنبه
ویجاړ,ویجاړ
نوښت,نوښت
بنو,بنو
څېړونکو,څېړل
ګوته,ګوت
اخلاقی,اخلاق
شمیر,شمېر
ولېږدول,لېږدول
تحصیلی,تحصیل
خوښۍ,خوښ
پاڼې,پاڼ
بامیان,بامیان
نظم,نظم
معاونیت,معاون
خوارځواکۍ,خوارځواک
کووید,کووید
فکری,فکر
امیرخان,امیرخان
باغونو,باغ
جنرال,جنرال
پنجشنبه,پنجشنبه
تیاره,تیار
خواجه,خواجه
درلودل,لرل
مدنی,مدن
نهو,نهه
دندو,دند
کتل,کتل
ذهن,ذهن
لګښتونه,لګښت
مدرسو,مدرس
دریم,دریم
زلزلې,زلزل
ایفون,ایفون
ځیرک,ځیرک
مل,مل
بېکیفیته,بېکیفیت
ګولونه,ګول
اصف,اصف
پاچا,پاچا
ملیونه,ملیون
یوسی,وړل
اقرار,اقرار
مفتی,مفت
سازمانونو,سازمان
غړیتوب,غړی
اوسېدو,اوسېدل
ثابته,ثابت
بزګران,بزګر
مړینه,مړین
مشوره,مشور
وکولی,کول
وفات,وفات
پوستې,پوست
استخراج,استخراج
انجې,انج
غنم,غنم
خلافت,خلافت
غصب,غصب
احمدی,احمد
بارانونو,باران
اسانۍ,اسان
غوندې,غوندې
شواهد,شواهد
ګواښونو,ګواښ
تماس,تماس
وړې,وړ
ستنېدو,ستنېدل
شرایط,شرط
څښتن,څښتن
وګوری,کتل
اسمبلۍ,اسمبل
قتل,قتل
یوازینی,یوازین
بېلو,بېل
فلسطینی,فلسطین
چمن,چمن
یکشنبه,یکشنبه
اکبر,اکبر
لمونځ,لمونځ
سرمنشی,سرمنش
نشه,نش
ساحه,ساح
خپلوانو,خپلوان
بڼوالو,بڼوال
لید,لید
وېکټې,وېکټ
وېرې,وېر
شهیدی,شهید
اکټوبر,اکټوبر
کوټه,کوټ
انګلیسی,انګلیس
دمخه,دمخ
شنه,شن
ترکیه,ترکیه
ملاتړی,ملاتړ
اعتراض,اعتراض
هاشمی,هاشم
نښتې,نښت
اندازې,انداز
درجې,درج
طرحه,طرح
کتلی,کتل
بستر,بستر
خوشحاله,خوشحال
بندیانو,بندی
هلکانو,هلک
ریاستالوزرا,ریاستال 
ارجنټاین,ارجنټاین
ډکه,ډک
امارته,امارت
پروفیسور,پروفیسور
اورګاډی,اورګاډ
فصل,فصل
کوټې,کوټ
وختونو,وخت
کولمو,کولم
ناوخته,ناوخت
اسپانیا,اسپانیا
ولرو,لرل
شنونکی,شنل
سپکاوی,سپکاوی
ایالتی,ایالت
ساتلی,ساتل
سړکونو,سړک
کامرې,کامر
مډال,مډال
نښته,نښت
ټکنالوجۍ,ټکنالوج
کثافات,کثافات
علماء,عالم
وینی,لیدل
محمدی,محمد
کوئ,کول
روایت,روایت
خپرونو,خپرول
انجنیر,انجنیر
پالیسی,پالیس
اجازې,اجاز
پیغامونه,پیغام
کوکنارو,کوکنار
تامین,تامین
ناستو,ناست
حشمت,حشمت
واکسینو,واکسین
استخباراتو,استخبارات
سکتور,سکتور
بایللې,بایلل
مزل,مزل
اعدام,اعدام
سمبال,سمبال
مزارشریف,مزارشریف
خیبرپښتونخوا,خیبرپښتونخوا
شمېره,شمېر
ګوربز,ګوربز
هیلو,هیل
بېلابېلې,بېلابېل
وزیرستان,وزیرستان
برابرول,برابرول
یادېږی,یادېدل
چای,چای
توقیف,توقیف
پوهېږی,پوهېدل
قوانین,قانون
بریالیتوب,بریال
سوداګریزې,سوداګر
هېڅوک,هېڅوک
وینو,وین
مسعود,مسعود
پلټنو,پلټ
استانبول,استانبول
صنایعو,صنایع
خطرونو,خطر
ملکیت,ملکیت
زنګ,زنګ
ویلو,ویل
هکټاره,هکټار
مغز,مغز
خیر,خیر
نیپال,نیپال
پلویانو,پلوی
نیوز,نیوز
ذهنی,ذهن
سیوری,سیور
عکسونه,عکس
وموندل,موندل
هیڅکله,هېڅ 
طریقه,طریق
راټولولو,راټولول
وکړم,کول
بشر,بشر
اپریل,اپریل
واړه,واړ
پړاوونو,پړاو
مهالوېش,مهالوېش
فضایی,فضا
ضایع,ضایع
ضمانت,ضمانت
پوهې,پوه
اسلاماباد,اسلاماباد
اېف,ایف
ولسمشرۍ,ولسمشر
امید,امید
وموندله,موندل
زلمی,زلم
اس,اس
لیرې,لېرې
موندلی,موندل
نفوذ,نفوذ
غوږ,غوږ
پرله,پرله
اوښتو,اوښتل
ارمان,ارمان
تکیه,تکی
پښتانه,پښتون
اندېښنو,اندېښن
ورک,ورک
المپیک,المپیک
فرضی,فرض
مدرسه,مدرسه
تفاهم,تفاهم
اردو,اردو
نهی,نهی
کاروان,کاروان
توب,توب
بالمعروف,بالمعروف
قوم,قوم
پراخو,پراخ
کېدونکې,کېدل
ولسونو,ولس
اوور,اوور
راغی,راتلل
لرلې,لرل
ډاډه,ډاډ
بریالۍ,بریال
وړاندیزونه,وړاندیز
محسن,محسن
شخړو,شخړ
عزت,عزت
ورباندې,ورباندې
تخریب,تخریب
نړۍواله,نړۍوال
ولوبوی,لوبول
ټولګټو,ټولګټ
برخمن,برخمن
عمده,عمد
بیرته,بېرته
برازیل,برازیل
استوګنې,استوګن
پرلهپسې,پرلهپسې
چیرې,چېرې
مشره,مشر
سرغړونه,سرغړون
موسیقی,موسیق
شکایتونو,شکایت
ترهګرو,ترهګر
پرانیزی,پرانیستل
تاسیساتو,تاسیس
طبیعت,طبیعت
شاهد,شاهد
سیریز,سیریز
اورېدل,اورېدل
شبرغان,شبرغان
شمېرل,شمېرل
عدلیې,عدلی
هندوستان,هندو
اختلاف,اختلاف
غره,غره
احمدزی,احمدز
هلکان,هلک
وټاکه,ټاکل
استازولۍ,استازول
لوبغاړې,لوبغاړ
مجیب,مجیب
نوبل,نوبل
ډکې,ډک
کمعمره,کمعمره
سلمان,سلمان
اصول,اصل
مادې,ماد
وپوښتل,پوښتل
فابریکه,فابریک
زمونږ,زمونږ
پوښښ,پوښښ
اسانتیا,اسان
پټرولیم,پټرولیم
شاته,شاته
تولیدی,تولید
پروټین,پروټین
بحثونه,بحث
تخار,تخار
وسوځول,سوځ 
جل,جل
نیالګیو,نیالګ
ریال,ریال
حامد,حامد
سلاکار,سلاکار
مخکنی,مخکن
معیار,معیار
لاریونونو,لاریون
اوریزې,اور
پاڼۍ,پاڼ
جمهوری,جمهور
تورونو,تور
موزیم,موزیم
پنځوس,پنځوس
سترګه,سترګ
بجو,بج
سقوط,سقوط
یوازینۍ,یوازین
تللې,تلل
ورکوونکی,ورکول
احسان,احسان
جواز,جواز
ډیلی,ډیل
غوسه,غوس
تولیدات,تولید
حنفی,حنف
شاعر,شاعر
ارزانه,ارزان
عراقچی,عراقچ
لوګی,لوګ
وچ,وچ
جنت,جنت
پل علم,پلعلم
کوربهتوب,کوربه
زعفرانو,زعفر
وتعالی,وتعالی
منصور,منصور
پروان,پروان
بیخی,بیخ
شنو,شن
اقداماتو,اقدام
ژوو,ژوو
مجاهدینو,مجاهد
اثر,اثر
وهنې,وهن
سالم,سالم
