word,our_stem,note
آئینی,آئین,
ابو,اب,
اتو,ات,
اخته,اخت,
اخیستل,اخیست,
اردو,ارد,
ارزښت,ارز,
اسلاماباد,اباد,
اعشاریه,اعشاری,
الله,الل,
امله,امل,
امنیت,امن,
امکانات,امکان,
امیرخان,امیرخ,
اندېښمن,اندېښ,
انګلستان,انګل,
اهلکار,اهل,
اهمیت,اهم,
اوسه,اوس,
اونۍ,اون,
اوو,او,
اړخیز,اړخ,
ایفون,ایف,
باجوړ,باج,
بالاخره,بالاخر,
بامیان,بامی,
بدخشان,بدخش,
برخلیک,برخ,
برخمن,برخ,
بغلان,بغل,
بلتستان,بلت,
بلکې,بلک,
بلې,بل,
بندی,بند,
بندیز,بند,
بنو,بن,
بنګله,بنګل,
بیو,بی,
بیې,بی,
بېرته,بېرت,
بېځایه,بېځای,
تازه,تاز,
تاسې,تاس,
ترسره,ترسر,
ترمخه,ترمخ,
ترڅو,ترڅ,
ترکیه,ترکی,
ترکیې,ترکی,
ترې,تر,
تعالی,تعال,
تل,تلل,
تله,تلل,
تنصیباتو,تنصیب,
تړاو,تړا,
تیو,تی,
تېری,تېر,
جاوید,جاو,
جریان,جری,
جوزجان,جوزج,
جولای,جولا,
جومات,جوم,
خدای,خدا,
خدمات,خدم,
خواجه,خواج,
خواله,خوال,
خواړه,خواړ,
خوندی,خوند,
خوړل,خوړ,
خپلواک,خپل,
خیبرپښتونخوا,پښتونخوا,
خیریه,خیری,
داسې,داس,
ددغه,ددغ,
ددوی,ددو,
ددې,دد,
درته,درت,
درناوی,درنا,
درې,در,
دغهراز,راز,
دغو,دغ,
دغې,دغ,
دلته,دلت,
دننه,دنن,
دوران,دور,
دوشنبه,دوشنب,
دومره,دومر,
ذبیحالله,ذبیحالل,
راته,رات,
راستانه,راس,
راهیسې,راهیس,
راوړل,راوړ,
راډیو,راډی,
رحمان,رحم,
رسمیت,رسم,
روایت,روا,
روسیه,روسی,
روسیې,روسی,
زمبابوې,زمباب,
ساتل,سات,
ساده,ساد,
ستاسو,ستاس,
ستانه,ستان,
سربېره,سربېر,
سرو,سر,
سرې,سر,
سلاکار,سلا,
سلو,سل,
سمنګان,سمن,
سوریه,سوری,
سوریې,سوری,
سپاه,سپا,
سیریز,سیر,
سیکیورټی,سیکیورټ,
شاته,شات,
شبرغان,شبرغ,
شلو,شل,
شنبه,شنب,
عبدالله,عبدالل,
عثمان,عثم,
علیه,علی,
عمران,عمر,
عمره,عمر,
عمله,عمل,
غزې,غز,
غوره,غور,
غوښتل,غوښت,
فدراسیون,فدراسی,
فراه,فرا,
فرمان,فرم,
قربانی,قرب,
لاریون,لاری,
لاسته,لاست,
لاسلیک,لاس,
لرې,لرل,
لسو,لس,
لمریز,لمر,
لوجې,لوج,
لوری,لور,
لوستل,لوست,
لوفره,لوفر,
لیدل,لید,
لیکل,لیک,
لېرې,لېر,
ماده,ماد,
ماموریت,مامور,
محصول,محص,
مخنیوی,مخنی,
مخکښې,مخکښ,
مدرسه,مدرس,
مساوی,مساو,
مسلمان,مسلم,
مسوول,مسو,
مسکو,مسک,
مطالب,مطلب,
ملکیت,ملک,
من,منل,
منی,منل,
مهالوېش,وېش,
موقعیت,موقع,
موندل,موند,
ناست,کښېنستل,
نامتو,نامت,
ناټو,ناټ,
نتیجه,نتیج,
نجلۍ,نجل,
نسمه,نسم,
نشته,نشت,
نورستان,نور,
نړۍوال,وال,
نږدې,نږد,
نژدې,نژد,
هرو,هر,
هرې,هر,
هلته,هلت,
همداسې,داس,
همدې,همد,
هنرمند,هنر,
هکله,هکل,
واده,واد,
واردات,وارد,
والی,وال,
وتعالی,وتعا,
ودې,ود,
ورباندې,ورباند,
ورسره,ورسر,
ورنه,ورن,
ورو,ور,
ورپسې,ورپس,
وزیرستان,وزیر,
وسیله,وسیل,
وضعیت,وضع,
ولاړ,تلل,
وړاندې,وړاند,
ویډیو,ویډی,
ویې,وی,
وېشل,وېش,
ټاپو,ټاپ,
ټاکل,ټاک,
ټینګار,ټین,
پاتې,پات,
پخپله,پخپل,
پرانیستل,پرانیست,
پرله,پرل,
پرلهپسې,پرلهپس,
پرلپسې,پرلپس,
پروان,پرو,
پرځای,پرځا,
پرې,پر,
پلاوی,پلاو,
پناه,پنا,
پهکې,پهک,
پوره,پور,
پورې,پور,
پولیو,پول,
پټرولیم,یم,
پړاو,پړا,
پښتو,پښت,
پښتون,پښ,
پکې,پک,
پېژندل,پېژند,
څاروی,څارو,
څرنګه,څرنګ,
څوکۍ,څوک,
چاته,چات,
چمتو,چمت,
چېرې,چېر,
ډوډۍ,ډوډ,
ډېره,ډېر,
ډېرو,ډېر,
ډېری,ډېر,
ډېرې,ډېر,
ژوو,ژو,
ښودل,ښود,
ښونیز,ښون,
ښځینه,ښځین,
ښکاره,ښکار,
ښکته,ښکت,
کاروان,کار,
کارپوه,کار,
کبله,کبل,
کثافات,کثاف,
کمعمره,کمعمر,
کمېسیون,کمېسی,
کنټرول,کنټر,
کوربه,کورب,
کومه,کوم,
کومو,کوم,
کومې,کوم,
کووید,کوو,
کچالو,کچا,
ککې,کک,
ګناه,ګنا,
ګواکې,ګواک,
یعنې,یعن,
یوازې,یواز,
یوځای,یوځا,
یوې,یو,
