word,current_stem,suggested_stem
حسابولو,حسابول,حساب
اړولې,اړول,اړ
جوړېږی,جوړېدل,جوړ
تښتونې,تښتول,تښت
کاروونکو,کارول,کار
ورکړه,ورکول,ورک
زیاتوی,زیاتول,زیات
ورکړی,ورکول,ورک
پوهېږو,پوهېدل,پوه
کارول,کارول,کار
ورکړل,ورکول,ورک
شویدی,شوېد,شو
کارکوونکی,کار کول,کار ک
جوړولو,جوړول,جوړ
نیول,نیول,نی
ورکوی,ورکول,ورک
بندوی,بندول,بند
کمول,کمول,کم
ونیسی,نیول,نی
واورئ,اورېدل,اور
تښتوونکی,تښتول,تښت
مولوی,مولوي,مول
رسېدلی,رسېدل,رس
کیمیاوی,کیمیاوي,کیمیا
پېښوی,پېښول,پېښ
کاروونکی,کارول,کار
کنټرول,کنټرول,کنټر
لګولو,لګول,لګ
محصول,محصول,محص
تښتول,تښتول,تښت
کارېږی,کارېدل,کار
کمولو,کمول,کم
ورکړې,ورکول,ورک
لګول,لګول,لګ
لګولی,لګول,لګ
علوی,علوي,عل
کاروی,کارول,کار
نومېږی,نومېدل,نوم
ورکولو,ورکول,ورک
بریده,برېد,بر
کارکوونکو,کار کول,کار ک
ختمیدې,ختمېد,ختم
لوړول,لوړول,لوړ
جوړوی,جوړول,جوړ
شویده,شوېد,شو
خپرونه,خپرول,خپر
لوبوی,لوبول,لوب
بدلولو,بدلول,بدل
کهولی,کهول,که
ورکول,ورکول,ورک
زېږېدلی,زېږېدل,زېږ
ورسېده,رسېدل,رس
لوړېدو,لوړېدل,لوړ
جوړښت,جوړول,جوړ
پشمول,پشمول,پشم
اوسېدونکی,اوسېدل,اوس
یادونې,یادول,یاد
بدلون,بدلول,بدل
مسوولینو,مسوول,مسو
مسوولین,مسوول,مسو
رسېدو,رسېدل,رس
ورکړ,ورکول,ورک
رسول,رسول,رس
یادونه,یادول,یاد
نیولی,نیول,نی
نیولو,نیول,نی
محصولاتو,محصول,محص
زدهکوونکی,زده کول,زده ک
خپرولو,خپرول,خپر
اوسېدونکو,اوسېدل,اوس
جوړېدو,جوړېدل,جوړ
ونیول,نیول,نی
کارولو,کارول,کار
زدهکوونکو,زده کول,زده ک
مسوولیت,مسوول,مسو
اوبولګولو,اوبه لګول,اوبه لګ
نیولې,نیول,نی
غبرګولی,غبرګول,غبرګ
لېږدول,لېږدول,لېږد
ښوونکی,ښوول,ښو
مسوول,مسوول,مسو
برابرولو,برابرول,برابر
رسولو,رسول,رس
راټول,راټول,راټ
ښوونکو,ښوول,ښو
زیاتېدو,زیاتېدل,زیات
ورسوی,رسول,رس
رسېږی,رسېدل,رس
نیسی,نیول,نی
ارزونې,ارزول,ارز
تېرېدو,تېرېدل,تېر
ډېرېدو,ډېرېدل,ډېر
خپرېدو,خپرېدل,خپر
بدلونونو,بدلول,بدل
ورسېږی,رسېدل,رس
اتلولی,اتلول,اتل
بدلونونه,بدلول,بدل
جوړول,جوړول,جوړ
بیارغونې,بیارغول,بیارغ
راستنېدونکو,راستنېدل,راستن
کمېدو,کمېدل,کم
محصولات,محصول,محص
زېږون,زېږول,زېږ
واکمنېدو,واکمنېدل,واکمن
رسوی,رسول,رس
یادولو,یادول,یاد
څرګندوی,څرګندول,څرګند
اتلولۍ,اتلول,اتل
رسېدلې,رسېدل,رس
استول,استول,است
ننګونو,ننګول,ننګ
برابروی,برابرول,برابر
اړولی,اړول,اړ
ټینګښت,ټینګول,ټینګ
بندېدو,بندېدل,بند
بشپړېدو,بشپړېدل,بشپړ
لګېدلی,لګېدل,لګ
رسولی,رسول,رس
لوړولو,لوړول,لوړ
رسېدنه,رسېد,رس
پیلېږی,پیلېدل,پیل
سوځېدو,سوځېدل,سوځ
شوروی,شوروي,شور
اورېدو,اورېدل,اور
ارزونه,ارزول,ارز
وکاروی,کارول,کار
اوسېدونکې,اوسېدل,اوس
ولېږدول,لېږدول,لېږد
اوسېدو,اوسېدل,اوس
ستنېدو,ستنېدل,ستن
خپرونو,خپرول,خپر
برابرول,برابرول,برابر
یادېږی,یادېدل,یاد
پوهېږی,پوهېدل,پوه
استانبول,استانبول,استانب
راټولولو,راټولول,راټول
ولوبوی,لوبول,لوب
اورېدل,اورېدل,اور
استازولۍ,استازول,استاز
وسوځول,سوځول,سوځ
ورکوونکی,ورکول,ورک
