original,stem
آت,آت
آخرت,آخرت
آذربایجان,آذربایج
آرامي,آرام
آرمينيه,آرمینی
آرید,آرید
آزاده,آزاد
آزمایه,آزمای
آسماني,آسمان
آسمانڅک,آسمانڅک
آسیای,آسیا
آصفه,آصف
آغل,آغل
آنا,آنا
آنروا,آنروا
آنس,آنس
آنقدر,آنقدر
آنها,آنها
آنکولوژي,آنکولوژ
آنگه,آنگ
آهنګرو,آهنګر
آية,آیة
آکاردئون,آکاردئ
آیاوا,آیاوا
آیتونو,آیت
آیرلنډ,آیرلنډ
آیډي,آیډ
أحمد,أحمد
أساس,أساس
أعادها,أعادها
أعلم,أعلم
أنور,أنور
أهمية,أهمیة
أيَّامٍ,أیَّامٍ
أَکْثَرَ,أَکْثَرَ
أُعِيذُهَا,أُعِیذُهَا
ؤخت,ؤخت
ؤګراؤۀ,ؤګراؤۀ
إبراهيم,إبراهیم
إذَا,إذَا
إسقاط,إسقاط
إلٙا,إلٙا
اؤ,اؤ
ائین,ائین
االیز,االیز
ابادول,ابادول
ابالوپاراتاید,ابالوپاراتاید
ابتګاراتو,ابتګارات
ابجوشي,ابجوش
ابدالیان,ابدال
ابدرای,ابدرا
ابرارد,ابرارد
ابراهيمي,ابراهیم
ابرهیم,ابرهیم
ابوالعباس,ابوالعباس
ابوالغیط,ابوالغیط
ابوالفرج,ابوالفرج
ابْنِي,ابْنِ
ابګردان,ابګرد
اتاکان,اتاک
اتل,اتل
اتلوتل,اتلوتل
اتلولي,اتلو
اتلولی,اتلو
اتلیټیک,اتلیټیک
اتپتوتو,اتپتوت
اتیوپیا,اتیوپیا
اثباد,اثباد
اجبار,اجبار
اجتماعیت,اجتماعیت
اجتهاداتِ,اجتهاداتِ
اجرئيوي,اجرئیو
اجرائیوي,اجرائیو
اجرات,اجرات
اجرایه,اجرای
اجمان,اجم
اجور,اجور
اجْتَمَعَ,اجْتَمَعَ
احتجاح,احتجاح
احتياطي,احتیاط
احساساوه,احساساو
احساسول,احساسول
احساسولی,احساسو
احصائی,احصائ
احضاراتو,احضارات
احمدزلمي,احمدزلم
احمدزی,احمدز
احمدضيا,احمدضیا
احنفي,احنف
احيا,احیا
اخاذ,اخاذ
اختتامیه,اختتامی
اختلاف,اختلاف
اخراجونه,اخراج
اخراولاقونو,اخراولاق
اخروي,اخرو
اخروټ,اخروټ
اخستونکي,اخست
اخلی,اخ
اخندازه,اخنداز
اخوندزاده,اخوندزاد
اخيرت,اخیرت
اخيست,اخیست
اخيستونکی,اخیست
اخځونو,اخځ
اخیز,اخیز
اداره,ادار
اداګان,ادا
ادبپوهان,ادبپوه
ادت,ادت
ادعاوی,ادعاو
اديب,ادیب
ادی,اد
اذر,اذر
ارامي,ارام
ارتزو,ارتز
ارتیریا,ارتیریا
ارجنتین,ارجنتین
اردنه,اردن
ارزول,ارزول
ارزولو,ارزول
ارزوم,ارزوم
ارزونکو,ارزونک
ارزښتونوټولګ,ارزښتونوټولګ
ارزیاب,ارزیاب
ارسلا,ارسلا
ارلن,ارلن
ارلي,ار
ارمانونه,ارمان
ارمتیا,ارم
ارمز,ارمز
ارمنستاناو,ارمنستانا
ارنایولت,ارنایولت
ارنلډ,ارنلډ
اروزلي,اروز
ارویندا,ارویندا
ارټیمس,ارټیمس
ارکیټ,ارکیټ
ارګانونو,ارګان
ارګانونوته,ارګانونوت
ارګانیزمونو,ارګانیزم
ارگاسم,ارگاسم
اریانا,اریانا
اریوو,اری
اریک,اریک
ازادیدو,ازادید
ازتکا,ازتکا
ازمایلو,ازمایل
ازمایلي,ازمای
ازمایليدي,ازمایلید
ازموي,ازمو
ازمویئ,ازمویئ
ازمیښت,ازمیښت
استازیتوب,استازی
استانبولي,استانبو
استانتیا,استان
استانه,است
استثنايي,استثنای
استحکام,استحکام
استخبارتي,استخبارت
استسقا,استسقا
استعال,استعال
استعفاو,استعفا
استعمال,استعمال
استفادو,استفاد
استفانی,استفان
استن,استن
استوئ,استوئ
استوایی,استوای
استولی,استو
استوپریت,استوپریت
استوګنځي,استوګنځ
استوګنځیو,استوګنځی
اسدالزمان,اسدالزم
اسدیار,اسدیار
اسراييلي,اسرایی
اسراییلاو,اسراییلا
اسسټنټونه,اسسټنټ
اسقربوط,اسقربوط
اسلام,اسلام
اسلامي,اسلام
اسلاميت,اسلامیت
اسم,اسم
اسماعيلي,اسماعی
اسمهان,اسمه
اسوت,اسوت
اسوشیتډپرس,اسوشیتډپرس
اسوشیټډ,اسوشیټډ
اسوشییتید,اسوشییتید
اسوشییټ,اسوشییټ
اسټرالیای,اسټرالیا
اسټرو,اسټر
اسټینو,اسټین
اسپارتم,اسپارتم
اسپانی,اسپان
اسپانیه,اسپانی
اسپنیز,اسپنیز
اسپین,اسپین
اسکوډا,اسکوډا
اسکیستا,اسکیستا
اسیام,اسیام
اسیرانو,اسیر
اسیه,اسی
اسیپ,اسیپ
اشت,اشت
اشتبا,اشتبا
اشتهادي,اشتهاد
اشرباڼي,اشرباڼ
اشغالونه,اشغال
اشنګټن,اشنګټن
اشپز,اشپز
اشپزي,اشپز
اشیبا,اشیبا
اشیش,اشیش
اصف,اصف
اصفري,اصفر
اصلونه,اصل
اصلیت,اصلیت
اطالبي,اطالب
اطلاح,اطلاح
اطلاعلتي,اطلاعلت
اطلاق,اطلاق
اعان,اع
اعتراف,اعتراف
اعتکاف,اعتکاف
اعطی,اعط
اعلانوونکی,اعلانو
اعمالو,اعمال
اعیاروي,اعیارو
اغل,اغل
اغلو,اغل
اغوستلی,اغوست
اغوستوکي,اغوستوک
اغيزمنوي,اغیزمنو
اغیزمنولا,اغیزمنولا
اغیزي,اغیز
افاتو,افات
افتتاح,افتتاح
افتتاحیه,افتتاحی
افسوتر,افسوتر
افسون,افس
افغاستان,افغاست
افغانان,افغان
افغانانان,افغانان
افغانانوملاتړ,افغانانوملاتړ
افغاننستان,افغاننست
افغغانستان,افغغانست
افیخای,افیخا
اقامي,اقام
اقتصادوي,اقتصادو
اقتصاديات,اقتصادیات
اقتصادپوهه,اقتصادپوه
اقرم,اقرم
اقص,اقص
اقلیتي,اقلیت
الأقصى,الأقصى
الأَمْرِ,الأَمْرِ
الإفراج,الإفراج
الارم,الارم
الاریوبي,الاریوب
الاقطان,الاقط
الامارات,الامارات
الاماره,الامار
الامراء,الامراء
الامريکان,الامریک
الانبيا,الانبیا
الاهل,الاهل
الاوسط,الاوسط
الاپیني,الاپین
الاید,الاید
الاینس,الاینس
البدايه,البدای
البدر,البدر
البوکرک,البوکرک
البَقَرَة,البَقَرَة
البیت,البیت
البیوک,البیوک
التحصیل,التحصیل
التربیة,التربیة
التعاون,التعا
التهابی,التهاب
التوبه,التوب
الجزايري,الجزایر
الجنابي,الجناب
الجنوب,الجنوب
الحال,الحال
الحداد,الحداد
الحلابي,الحلاب
الحلفایا,الحلفایا
الحنفی,الحنف
الحوردي,الحورد
الخط,الخط
الخطاء,الخطاء
الخير,الخیر
الخیری,الخیر
الداخَل,الداخَل
الدحدوح,الدحدوح
الدعوه,الدعو
الذهبي,الذهب
الرحیم,الرحیم
الرشيد,الرشید
الرژي,الرژ
الرییس,الرییس
الزوبعي,الزوبع
السبعین,السبعین
الستة,الستة
السنت,السنت
السَّعِيرِ,السَّعِیرِ
السکاندر,السکاندر
السیلیا,السیلیا
الشهدا,الشهدا
الصفا,الصفا
الطاف,الطاف
الظَّالِمِينَ,الظَّالِمِینَ
العادي,العاد
العارف,العارف
العبید,العبید
العدید,العدید
العراقي,العراق
العزیزیه,العزیزی
العظمی,العظم
العنان,العن
الـ,الـ
الفابیټ,الفابیټ
القاصي,القاص
القاني,القان
القیم,القیم
الماتي,المات
المبحوح,المبحوح
المبیک,المبیک
المجاز,المجاز
المجمدة,المجمدة
المجیده,المجید
المحدث,المحدث
المحمد,المحمد
المصری,المصر
المعتمرون,المعتمر
المكي,المک
المندهاري,المندهار
النبأ,النبأ
النهیان,النه
النَّبِیُّ,النَّبِیُّ
الهنان,الهن
الهندونستان,الهندونست
الهیان,اله
الوبخارا,الوبخارا
الونای,الونا
الوځولی,الوځو
الْأٙرْضِ,الْأٙرْضِ
الْجَاهِلِيَّةِ,الْجَاهِلِیَّةِ
الْحُکْمٙ,الْحُکْمٙ
الْعَالَمِينَ,الْعَالَمِینَ
الْمُؤْمِنِیْنَ,الْمُؤْمِنِیْنَ
الْمُدَّعِي,الْمُدَّعِ
الْمُطْلَقُ,الْمُطْلَقُ
الْوَارِثُونَ,الْوَارِثُونَ
الټون,الټ
الکبیر,الکبیر
الکتروانسفالوګراف,الکتروانسفالوګراف
الکترونيکي,الکترونیک
الکترونیکي,الکترونیک
الکس,الکس
الګوریتمونه,الګوریتم
الګیردا,الګیردا
الیانزا,الیانزا
الیسون,الیس
الیسین,الیسین
الیهیی,الیهی
الیکسیویچ,الیکسیویچ
اما,اما
اماتو,امات
امارو,امار
امبریش,امبریش
امبولاسونه,امبولاس
امبولانس,امبولانس
امتياز,امتیاز
امتيازه,امتیاز
امراء,امراء
امراضو,امراض
امرالدین,امرالدین
امربالمعرف,امربالمعرف
امروز,امروز
امريت,امریت
امريکا,امریکا
امرکیا,امرکیا
امریکین,امریکین
املوکو,املوک
امنادزه,امنادز
امنيه,امنی
امنیي,امنی
اموراتو,امورات
امون,ام
امونه,ام
اميرالمونين,امیرالمونین
امپا,امپا
امپراطور,امپراطور
امیدونه,امید
امیرحمزه,امیرحمز
امیرزاده,امیرزاد
امیندوارو,امیندوار
امیني,امین
اناتولی,اناتو
اناتومي,اناتوم
اناري,انار
انارگل,انارگل
انبیاو,انبیا
انتانګرال,انتانګرال
انترنیټ,انترنیټ
انتظار,انتظار
انتقادکوونکو,انتقادکوونک
انتقالولی,انتقالو
انتقالونک,انتقالونک
انتیي,انتی
انتیکو,انتیک
انجونو,انج
انجوګانو,انجو
انجینئر,انجینئر
اندریو,اندری
انديزي,اندیز
اندیانا,اندیانا
اندیشه,اندیش
انسادو,انساد
انستیتیوتونو,انستیتیوت
انستیتیونو,انستیتی
انسجانو,انسج
انسټیټیټونو,انسټیټیټ
انضباط,انضباط
انضمام,انضمام
انعقاد,انعقاد
انفاذ,انفاذ
انلاین,انلاین
انمايتذکر,انمایتذکر
انویدا,انویدا
انْفِرُوا,انْفِرُوا
انټرست,انټرست
انټرنټ,انټرنټ
انټرکانټنینټل,انټرکانټنینټل
انټوني,انټون
انټيموني,انټیمون
انټیل,انټیل
انځوریزه,انځوریز
انچه,انچ
انډرو,انډر
انډور,انډور
انډونيزیا,انډونیزیا
انډونیزیا,انډونیزیا
انډیاګیټ,انډیاګیټ
انډین,انډین
انکلستان,انکلست
انکیوبیټر,انکیوبیټر
انګاک,انګاک
انګريز,انګریز
انګرید,انګرید
انګریزيپوهنتونونو,انګریزیپوهنتون
انګیلا,انګیلا
انیستیوت,انیستیوت
انینګز,انینګز
اهتزازونه,اهتزاز
اهنګران,اهنګر
اواد,اواد
اوارټیف,اوارټیف
اواسیا,اواسیا
اوالله,اوالل
اوایلو,اوایل
اوبتل,اوبتل
اوبرنګه,اوبرنګ
اوبنل,اوبنل
اوتعيلمي,اوتعیلم
اوتنباي,اوتنبا
اوتنبایووا,اوتنبایووا
اوحبوبات,اوحبوبات
اودغو,اودغ
اوديسا,اودیسا
اودیسي,اودیس
اورانوس,اورانوس
اوربان,اورب
اورهيلي,اورهی
اورو,اور
اورومو,اوروم
اوروکي,اوروک
اوري,اور
اورپا,اورپا
اورپکوو,اورپک
اورپکي,اورپک
اورکیز,اورکیز
اورګاډي,اورګاډ
اوریا,اوریا
اوریزجام,اوریزجام
اوریزه,اوریز
اوریلي,اوری
اوریلیا,اوریلیا
اوریون,اوری
اوزار,اوزار
اوزنګزيب,اوزنګزیب
اوستوګنو,اوستوګن
اوسما,اوسما
اوسماکوف,اوسماکوف
اوسمهالي,اوسمها
اوسهشپږ,اوسهشپږ
اوسپن,اوسپن
اوسیدان,اوسید
اوسیدانه,اوسید
اوسیدلولپاره,اوسیدلولپار
اوسیدلي,اوسید
اوشا,اوشا
اوشین,اوشین
اوغوښتن,اوغوښتن
اوفرلاهاو,اوفرلاها
اولسي,اولس
اولمپيک,اولمپیک
اولمپک,اولمپک
اولچي,اولچ
اومان,اوم
اومتحده,اومتحد
اومني,اومن
اونجونو,اونج
اوهالنډ,اوهالنډ
اوورته,اوورت
اووریک,اووریک
اووړی,اووړ
اووښت,اووښت
اوپنهایمر,اوپنهایمر
اوپنډ,اوپنډ
اوپي,اوپ
اوپکول,اوپکول
اوچتوونکو,اوچتوونک
اوډيشيکا,اوډیشیکا
اوډیسي,اوډیس
اوړو,اوړ
اوړک,اوړک
اوږدمهالي,اوږدمها
اوږدوو,اوږد
اوږن,اوږن
اوښت,اوښت
اوښکیلتیا,اوښکیل
اوکرای,اوکرا
اوکسایډ,اوکسایډ
اوکلوهوما,اوکلوهوما
اویانکا,اویانکا
اویزو,اویز
اویناش,اویناش
اویوال,اویوال
ايسار,ایسار
ايسنا,ایسنا
ايفبيای,ایفبیا
ايمان,ایم
ايمل,ایمل
ايمن,ایمن
ايوټ,ایوټ
ايير,اییر
ايين,ایین
ايډ,ایډ
ايډز,ایډز
ايډيالوژیکو,ایډیالوژیک
ايکس,ایکس
ايکټ,ایکټ
اُمّا,اُمّا
اِي,اِ
أَمْ,أَمْ
أَنْ,أَنْ
اټلانټینک,اټلانټینک
اټو,اټ
اټوماتیکه,اټوماتیک
اټکل,اټکل
اپ,اپ
اپارتایت,اپارتایت
اپارتمانونه,اپارتمان
اپارتیاید,اپارتیاید
اپارټایید,اپارټایید
اپارټمان,اپارټم
اپرا,اپرا
اپستین,اپستین
اپل,اپل
اپلاتون,اپلات
اپلکیشن,اپلکیشن
اپوزيسیون,اپوزیسی
اپوزیسون,اپوزیس
اپوزیسیون,اپوزیسی
اپيل,اپیل
اچوونه,اچو
اچوونکي,اچو
اډمونډ,اډمونډ
اړتیالری,اړتیالر
اړخيزي,اړخیز
اړوله,اړول
اړولو,اړول
اړيستل,اړیستل
اړيکي,اړیک
اړیکهمو,اړیکهم
اژنس,اژنس
اکاونټونه,اکاونټ
اکتر,اکتر
اکتوب,اک
اکتون,اکت
اکثرله,اکثرل
اکس,اکس
اکسفور,اکسفور
اکسيډيس,اکسیډیس
اکسیدانتونه,اکسیدانت
اکسیدانټي,اکسیدانټ
اکسیدنټونو,اکسیدنټ
اکسیډانټ,اکسیډانټ
اکلنډ,اکلنډ
اکمل,اکمل
اکوا,اکوا
اکولوژیکي,اکولوژیک
اکټيد,اکټید
اکټید,اکټید
اګادیز,اګادیز
اګریمان,اګریم
اڼتريټ,اڼتریټ
ایارن,ایارن
ایالتونونو,ایالتون
ایان,ای
ایبټ,ایبټ
ایتان,ایت
ایجانا,ایجانا
ایجنټانو,ایجنټ
ایجي,ایج
ایرلنډي,ایرلنډ
ایرلینګ,ایرلینګ
ایزویسټیا,ایزویسټیا
ایسارولو,ایسارول
ایسټر,ایسټر
ایسټراډا,ایسټراډا
ایسپن,ایسپن
ایف,ایف
ایفل,ایفل
ایلخاني,ایلخان
ایلنور,ایلنور
ایلویډن,ایلویډن
ایلیمینټر,ایلیمینټر
ایمبولانسونو,ایمبولانس
ایميلي,ایمی
ایمپریال,ایمپریال
ایمګ,ایمګ
ایمیر,ایمیر
ایمیل,ایمیل
اینجرلیک,اینجرلیک
اینرجي,اینرج
اینګیډي,اینګیډ
ایور,ایور
ایورسټ,ایورسټ
ایولین,ایولین
ایوټ,ایوټ
ایي,ای
ایټالیانو,ایټال
ایټاوګوا,ایټاوګوا
ایټنبرو,ایټنبر
ایپسوس,ایپسوس
ایچیسن,ایچیسن
ایډ,ایډ
ایډیالان,ایډیال
ایښودونک,ایښودونک
ایکولوژیکي,ایکولوژیک
ایګزي,ایګز
اییز,اییز
اییزو,اییز
باالمثل,باالمثل
باب,باب
بابونو,باب
بابيزه,بابیز
بات,بات
باتقوا,باتقوا
باجپایي,باجپای
بادغیسي,بادغیس
بادن,بادن
باده,باد
بادیواني,بادیوان
بارانشيم,بارانشیم
باراني,باران
باربیکن,باربیکن
بارزاني,بارزان
بارنسلي,بارنس
باره,بار
بارچلولو,بارچلول
بارکزی,بارکز
بارکليله,بارکلیل
بازان,باز
بازوګان,بازو
باسکرویل,باسکرویل
باسکوویک,باسکوویک
بالمعرف,بالمعرف
بالمقابل,بالمقابل
بالنصرة,بالنصرة
بالنیات,بالنیات
بالوګون,بالوګ
بالینګ,بالینګ
بالیووډه,بالیووډ
بالیووډي,بالیووډ
باميانو,بام
بانفوذ,بانفوذ
بانوان,بانو
بانکنوټ,بانکنوټ
بانکوک,بانکوک
باهاماز,باهاماز
باووما,باووما
باوی,باو
باډسپلینه,باډسپلین
باډن,باډن
باڼس,باڼس
بایرز,بایرز
بایزیده,بایزید
بایه,بای
بایکونور,بایکونور
بتد,بتد
بجي,بج
بحرانونه,بحران
بحرانونو,بحران
بحښل,بحښل
بختي,بخت
بخششیو,بخششی
بخښن,بخښن
بدانند,بدانند
بدبیني,بدبین
بدتر,بدتر
بدترینو,بدترین
بدخشانیانو,بدخشان
بدرنګ,بدرنګ
بدعت,بدعت
بدلمنو,بدلمن
بدلولو,بدلول
بدليږي,بدلیږ
بدوالي,بد
بدګمانه,بدګم
بدګومانه,بدګوم
برائن,برائن
برابرونکی,برابر
برابرکړي,برابرکړ
برادری,برادر
برازیلي,برازی
براورمن,براورمن
براول,براول
براکو,براک
برایند,برایند
برباد,برباد
بربريتونو,بربریت
بربنډوم,بربنډوم
بربواک,بربواک
برتون,برت
برتګال,برتګال
برجسته,برجست
بردمیر,بردمیر
برسي,برس
برلاس,برلاس
برنزو,برنز
برنډونه,برنډ
بروکفیلد,بروکفیلد
بروکلي,بروک
برياليتوب,بریالی
برګم,برګم
برګمټال,برګمټال
برگردد,برگردد
برگزار,برگزار
برید,برید
بریدگر,بریدگر
برینټ,برینټ
بریښناوو,بریښنا
بریښنايي,بریښنای
بزارا,بزارا
بزدار,بزدار
بزر,بزر
بزنند,بزنند
بسار,بسار
بسترو,بستر
بستن,بستن
بسونه,بس
بشرالاسد,بشرالاسد
بشري,بشر
بشری,بشر
بشنویانو,بشنو
بشيرالله,بشیرالل
بشپړغړیتوب,بشپړغړی
بشپړملاتړ,بشپړملاتړ
بشپړيږي,بشپړیږ
بشیره,بشیر
بطني,بطن
بظلم,بظلم
بفي,بف
بلا,بلا
بلاخره,بلاخر
بلانش,بلانش
بلانکا,بلانکا
بلاکونه,بلاک
بلخ,بلخ
بلدول,بلدول
بلشمنټ,بلشمنټ
بلن,بلن
بلور,بلور
بلډ,بلډ
بلیچو,بلیچ
بمبار,بمبار
بمباردول,بمباردول
بمبارونو,بمبار
بنحاس,بنحاس
بندارا,بندارا
بندولی,بندو
بندیانول,بندیانول
بندیانوي,بندیانو
بندیخان,بندیخ
بندیزنو,بندیزن
بنزیما,بنزیما
بنزینه,بنزین
بنسل,بنسل
بنلګورو,بنلګور
بني,بن
بنډل,بنډل
بنګا,بنګا
بنګال,بنګال
بنګر,بنګر
بنیامن,بنیامن
بهارتپور,بهارتپور
بهاییانو,بهای
بهوونکي,بهو
بهوګلي,بهوګ
بهيره,بهیر
بهیدو,بهید
بوالمان,بوالم
بوبي,بوب
بوتهام,بوتهام
بوجيو,بوجی
بوخته,بوخت
بوداتوکي,بوداتوک
بودایان,بودا
بورجانا,بورجانا
بورسوي,بورسو
بوروندي,بوروند
بورډونه,بورډ
بوریو,بوری
بوسکن,بوسکن
بولدکه,بولدک
بولنت,بولنت
بولوو,بول
بولیراک,بولیراک
بون,بون
بوټ,بوټ
بوټسوانا,بوټسوانا
بوکسر,بوکسر
بوګ,بوګ
بویناک,بویناک
بوینو,بوین
بي,بي
بياجوړون,بیاجوړ
بياني,بیان
بيراغ,بیراغ
بيسد,بیسد
بيسوني,بیسون
بيشوڼ,بیشوڼ
بيلانس,بیلانس
بيټا,بیټا
بيړه,بیړ
بُن,بُن
بِاللّهِ,بِاللّهِ
بِبَقَائِهِ,بِبَقَائِهِ
بِرَأْسِهِ,بِرَأْسِهِ
بِقَوْمٍ,بِقَوْمٍ
بِمَا,بِمَا
بچن,بچن
بډمینټن,بډمینټن
بښلی,بښ
بکتریاوو,بکتریا
بکتین,بکتین
بگرام,بگرام
بڼسټونو,بڼسټ
بڼوالان,بڼوال
بۀ,بۀ
بیابان,بیاب
بیانو,بی
بیاهم,بیاهم
بیاواکمن,بیاواکمن
بیر,بیر
بیرونګي,بیرون
بیرکت,بیرکت
بیغام,بیغام
بیلابیلو,بیلابیل
بیلباو,بیلبا
بیلگ,بیلگ
بیلیتسکایا,بیلیتسکایا
بیماران,بیمار
بیمارانو,بیمار
بینتهم,بینتهم
بینجاسر,بینجاسر
بینظمي,بینظم
بینظیر,بینظیر
بینټي,بینټ
بیو,بی
بیوتیکونو,بیوتیک
بیومز,بیومز
بیونس,بیونس
بیي,بی
بیکیت,بیکیت
بیګان,بی
تائیده,تائید
تاب,تاب
تاباسا,تاباسا
تابنده,تابند
تابیلیټونو,تابیلیټ
تاثیر,تاثیر
تاج,تاج
تاجران,تاجر
تاجيکستان,تاجیکست
تاجکه,تاجک
تادين,تادین
تاريخپوهان,تاریخپوه
تاریا,تاریا
تاریخچه,تاریخچ
تالاسه,تالاس
تالاشئ,تالاشئ
تالقانو,تالق
تالونه,تال
تالي,تا
تامبونان,تامبون
تامر,تامر
تامینونکی,تامین
تانتالوم,تانتالوم
تانزانیا,تانزانیا
تاني,تان
تانیای,تانیا
تاوي,تاو
تاویده,تاوید
تايلنډ,تایلنډ
تاډ,تاډ
تاکتیک,تاکتیک
تایواني,تایوان
تباهي,تباه
تبديلوي,تبدیلو
تبدیلولو,تبدیلول
تبیو,تبی
تثبیتولو,تثبیتول
تجاوزات,تجاوزات
تجسمي,تجسم
تجهزات,تجهزات
تحريم,تحریم
تحقیقاتياداره,تحقیقاتیادار
تحلیلوي,تحلیلو
تخریبي,تخریب
تخلص,تخلص
تخمين,تخمین
تخميناً,تخمیناً
تخمیناً,تخمیناً
تخنيکي,تخنیک
تخنیږي,تخنیږ
تخيل,تخیل
تداخل,تداخل
تدبیره,تدبیر
تدریج,تدریج
تذکره,تذکر
ترازو,تراز
ترافيکي,ترافیک
تراټ,تراټ
تراړو,تراړ
تراکسټون,تراکسټ
تربل,تربل
تربله,تربل
تربیته,تربیت
ترتيبو,ترتیب
ترتیبي,ترتیب
ترجماني,ترجمان
تردغه,تردغ
ترستن,ترستن
ترسرول,ترسرول
ترسیموي,ترسیمو
ترشلم,ترشلم
ترلاسي,ترلاس
ترمینلونو,ترمینل
ترواسه,ترواس
تروو,تر
ترویجوئ,ترویجوئ
تري,تر
تريخ,تریخ
ترپخوا,ترپخوا
ترڅنگ,ترڅنگ
ترکه,ترک
ترکیبي,ترکیب
تریجولو,تریجول
تریخوف,تریخوف
تریشرونه,تریشر
تریواندرم,تریواندرم
تریډز,تریډز
تزپاټریک,تزپاټریک
تس,تس
تسلم,تسلم
تسليمولو,تسلیمول
تسنيم,تسنیم
تسټ,تسټ
تسپ,تسپ
تسکين,تسکین
تشبه,تشب
تشخیصیه,تشخیصی
تشويق,تشویق
تشکيل,تشکیل
تشیع,تشیع
تصدیو,تصدی
تصفی,تصف
تصمیمونه,تصمیم
تصویرونو,تصویر
تضادونه,تضاد
تضمینونکی,تضمین
تطمیع,تطمیع
تعارفه,تعارف
تعاون,تعا
تعرفو,تعرف
تعقیبوونکي,تعقیبو
تعمق,تعمق
تعميمولای,تعمیمولا
تعویذګر,تعویذګر
تعيين,تعیین
تعیب,تعیب
تغیروي,تغیرو
تفاهماتو,تفاهمات
تفنګچ,تفنګچ
تفهاهم,تفهاهم
تفکیکه,تفکیک
تقابل,تقابل
تقدس,تقدس
تقریقا,تقریقا
تقنيني,تقنین
تكلم,تکلم
تكنوا,تکنوا
تلاشيو,تلاشی
تلس,تلس
تلفظ,تلفظ
تلفظي,تلفظ
تلل,تلل
تلوونکي,تلو
تلویزونونو,تلویزون
تلیسیمیا,تلیسیمیا
تمبیري,تمبیر
تمد,تمد
تمریتونه,تمریت
تمریناتی,تمرینات
تمځایونه,تمځای
تمځیو,تمځی
تناوب,تناوب
تنخا,تنخا
تنطیموونک,تنطیموونک
تنظيمول,تنظیمول
تنظیموو,تنظیم
تنظیمیږي,تنظیمیږ
تنه,تن
تنور,تنور
تنوره,تنور
تني,تن
تنګی,تن
تهانوي,تهانو
تهاڼه,تهاڼ
تهاڼو,تهاڼ
تهد,تهد
تهديدونو,تهدید
تواتر,تواتر
توارد,توارد
تواصل,تواصل
توافقونو,توافق
توان,تو
تواناني,توانان
توانيا,توانیا
توانیدل,توانیدل
توحيد,توحید
توخمدان,توخمد
توخی,توخ
توده,تود
تودوالي,تود
تودوښ,تودوښ
تورزیړي,تورزیړ
تورغنډ,تورغنډ
تورنوم,تورنوم
تورکی,تورک
تورګت,تورګت
توریالي,توریا
توسي,توس
توطی,توط
توغول,توغول
توفنګچ,توفنګچ
توفیقول,توفیقول
تولستوی,تولستو
تولیدوونکی,تولیدو
تولیدوي,تولیدو
توندلاروډلو,توندلاروډل
توندي,توند
توپوګرافي,توپوګراف
توپیریز,توپیریز
توکمی,توکم
توکړ,توکړ
تيزي,تیز
تيښته,تیښت
تَفْعَلُونَ,تَفْعَلُونَ
تَل,تَل
تٙعْبُدُوْا,تٙعْبُدُوْا
تړاونه,تړا
تکتو,تکت
تکذیب,تکذیب
تکرا,تکرا
تکرارآ,تکرارآ
تکرارولی,تکرارو
تکفیرول,تکفیرول
تکل,تکل
تکم,تکم
تڼي,تڼ
تیاترسالون,تیاترسال
تیاترونو,تیاتر
تیاټر,تیاټر
تیتراهایدرو,تیتراهایدر
تیج,تیج
تیراژ,تیراژ
تیردوو,تیرد
تیزوالي,تیز
تیغ,تیغ
تیلفونونو,تیلفون
تیلیفونونو,تیلیفون
تین,تین
تیونی,تیون
ثابتو,ثابت
ثابتوي,ثابتو
ثالث,ثالث
ثبوب,ثبوب
ثرياد,ثریاد
ثقافت,ثقافت
ثمر,ثمر
ثمیني,ثمین
جائز,جائز
جابربن,جابربن
جارا,جارا
جارج,جارج
جارد,جارد
جاسوسه,جاسوس
جاسپریت,جاسپریت
جالیو,جالی
جامایکا,جامایکا
جاوشینګ,جاوشینګ
جاپانيان,جاپان
جاکټو,جاکټ
جبلالسراج,جبلالسراج
جبهاتو,جبهات
جبین,جبین
جثي,جث
جدوم,جدوم
جراحي,جراح
جرمنيانو,جرمن
جرمنی,جرمن
جریانونو,جریان
جزبه,جزب
جزیل,جزیل
جزیياتو,جزییات
جستو,جست
جسپر,جسپر
جشنوارو,جشنوار
جشنونه,جشن
جعل,جعل
جعلکاریو,جعلکاری
جعم,جعم
جغرافياي,جغرافیا
جلبي,جلب
جلد,جلد
جلعاد,جلعاد
جلیل,جلیل
جلیلي,جلی
جماعة,جماعة
جمالياتي,جمالیات
جمشیدي,جمشید
جمعه,جمع
جمعیه,جمعی
جمنازیم,جمنازیم
جمنازیمونو,جمنازیم
جمهوريت,جمهوریت
جمهوريډکټيټر,جمهوریډکټیټر
جمي,جم
جميعا,جمیعا
جميل,جمیل
جنتا,جنتا
جندالله,جندالل
جنرال,جنرال
جنریشن,جنریشن
جنس,جنس
جنوربي,جنورب
جنيوا,جنیوا
جنټیکي,جنټیک
جنډا,جنډا
جنډر,جنډر
جنډز,جنډز
جنډه,جنډ
جنګل,جنګل
جنګلک,جنګلک
جنګولي,جنګو
جنګیالی,جنګیا
جنیتک,جنیتک
جهاز,جهاز
جوئل,جوئل
جوازلیک,جوازلیک
جواني,جوان
جوبایډن,جوبایډن
جوجیستو,جوجیست
جورج,جورج
جوزفین,جوزفین
جوزي,جوز
جوزینو,جوزین
جوسیپ,جوسیپ
جولیا,جولیا
جون,جون
جوند,جوند
جونس,جونس
جونیر,جونیر
جووت,جووت
جوړلو,جوړل
جوړوله,جوړول
جوړښتونونه,جوړښتون
جوگيانو,جوگ
جویا,جویا
جيب,جیب
جيولوجيکي,جیولوجیک
جيوپوليټيکي,جیوپولیټیک
جيوپولټيک,جیوپولټیک
جِن,جِن
جک,جک
جکوویچ,جکوویچ
جګر,جګر
جګړییزو,جګړییز
جیت,جیت
جیدزاده,جیدزاد
جیرمي,جیرم
جیرومي,جیروم
جیفریز,جیفریز
جیمرونو,جیمر
جیمیسن,جیمیسن
جیمیسون,جیمیس
جینینګز,جینینګز
جینیټیکي,جینیټیک
جیوري,جیور
جیولوجیکل,جیولوجیکل
جیونیوز,جیونیوز
جیوکس,جیوکس
جیپينګ,جیپینګ
حائله,حائل
حاجا,حاجا
حاحي,حاح
حادثه,حادث
حاسب,حاسب
حاصلح,حاصلح
حاصلخیزه,حاصلخیز
حاضریانو,حاضر
حافَظَ,حافَظَ
حالونه,حال
حاکان,حاک
حاکميته,حاکمیت
حبرتیا,حبر
حجب,حجب
حجرو,حجر
حجي,حج
حداکثر,حداکثر
حذفول,حذفول
حرج,حرج
حریمه,حریم
حزبالله,حزبالل
حسابدار,حسابدار
حسنین,حسنین
حشام,حشام
حص,حص
حفص,حفص
حفظالصح,حفظالصح
حقمل,حقمل
حقوفو,حقوف
حقوقي,حقوق
حقٍّ,حقٍّ
حقیقتونه,حقیقت
حلالول,حلالول
حللاره,حللار
حمتي,حمت
حمران,حمر
حملو,حمل
حمود,حمود
حميراحقمل,حمیراحقمل
حمید,حمید
حمیدي,حمید
حمیدیان,حمید
حول,حول
حومادي,حوماد
حویل,حویل
حيرانتیا,حیران
حَيْثُ,حَیْثُ
حکامو,حکام
حکاک,حکاک
حکومتولی,حکومتو
حیثیت,حیثیت
حیدرخ,حیدرخ
خاد,خاد
خادمین,خادمین
خارښت,خارښت
خاش,خاش
خاص,خاص
خاطرخپله,خاطرخپل
خالقيار,خالقیار
خالځص,خالځص
خاني,خان
خايل,خایل
خبرو,خبر
خبرپآڼه,خبرپآڼ
خبرپه,خبرپ
خبیثه,خبیث
ختمونه,ختم
ختیځه,ختیځ
ختیځو,ختیځ
خجالت,خجالت
خدمتونوته,خدمتونوت
خدمو,خدم
خدي,خد
خدیتوب,خدی
خراساني,خراسان
خراسانیان,خراسان
خربین,خربین
خرسون,خرس
خرمالق,خرمالق
خرمست,خرمست
خرڅیدای,خرڅیدا
خزن,خزن
خساره,خسار
خستګي,خست
خسرو,خسر
خسرګنیو,خسرګنی
خشره,خشر
خشونتونو,خشونت
خصیو,خصی
خطاست,خطاست
خطرله,خطرل
خطرو,خطر
خفیف,خفیف
خلاصة,خلاصة
خلاصول,خلاصول
خلاف,خلاف
خلاق,خلاق
خلته,خلت
خله,خل
خلکوکورونه,خلکوکور
خلیله,خلیل
خملنیتسکي,خملنیتسک
خندقونه,خندق
خوابدتیا,خوابد
خوابدي,خوابد
خواخوږو,خواخوږ
خواریکښه,خواریکښ
خواز,خواز
خواشين,خواشین
خواشينوونکو,خواشینوونک
خوال,خوال
خواړه,خواړ
خوداګاه,خوداګا
خودجوشه,خودجوش
خودخواهي,خودخواه
خودسانسوري,خودسانسور
خودندیتوب,خودندی
خودویک,خودویک
خودکاره,خودکار
خودکشي,خودکش
خودکفايي,خودکفای
خودی,خود
خوراکونو,خوراک
خوش,خوش
خوشدیل,خوشدیل
خوندونه,خوند
خونديتابه,خوندیتاب
خوځولو,خوځول
خوځښت,خوځښت
خوړنځي,خوړنځ
خوړونکی,خوړ
خوږ,خوږ
خوږي,خوږ
خوښولو,خوښول
خوښونکي,خوښ
خویي,خوی
خيار,خیار
خيبره,خیبر
خيراند,خیراند
خپرو,خپر
خپرولای,خپرولا
خپلزرګونه,خپلزرګ
خپلسره,خپلسر
خپلواکه,خپلواک
خپلوي,خپلو
خپلی,خپ
خډراڼ,خډراڼ
خڼدونو,خڼد
خیراتوي,خیراتو
خیرالله,خیرالل
خیراند,خیراند
خیرخانه,خیرخ
خیرخیریت,خیرخیریت
خیرسون,خیرس
خیرغوښتونکي,خیرغوښت
خیز,خیز
داجریمه,داجریم
داخلیدل,داخلیدل
داخلیلدل,داخلیلدل
داد,داد
دارالافتا,دارالافتا
دارالحفاظونه,دارالحفاظ
دارالمجانین,دارالمجانین
دارستاني,دارستان
دازادو,دازاد
داسیا,داسیا
دالايي,دالای
دالبندین,دالبندین
دامکان,دامک
دانسخه,دانسخ
داوبو,داوب
داودزي,داودز
داور,داور
داوران,داور
داوطلبانه,داوطلب
داوطلبه,داوطلب
داوید,داوید
داچیف,داچیف
داړه,داړ
داګ,داګ
دایه,دای
دایي,دای
دایکندي,دایکند
دبدلونو,دبدل
دتمځای,دتمځا
دتګ,دتګ
دجمهوريت,دجمهوریت
دجګړ,دجګړ
دحق,دحق
دخپر,دخپر
ددغي,ددغ
ددواړو,ددواړ
درابان,دراب
درانۀ,درانۀ
درد,درد
دردناكه,دردناک
دردیږي,دردیږ
درل,درل
درمتالوجست,درمتالوجست
درمشالا,درمشالا
درملتونه,درملت
درملود,درملود
درندو,درند
درهای,درها
دروئ,دروئ
دروا,دروا
دروتي,دروت
دروزاه,دروزا
دروغجن,دروغجن
دروغجنه,دروغجن
درولو,درول
دروني,درون
دروپ,دروپ
دروژکیفکا,دروژکیفکا
درپس,درپس
درپيژنو,درپیژن
درکوو,درک
درکړي,درکړ
دریاو,دریا
دریش,دریش
دریغوي,دریغو
دسازمان,دسازم
دستاربندي,دستاربند
دستونز,دستونز
دستیار,دستیار
دسمالونه,دسمال
دسیلوا,دسیلوا
دعباداتو,دعبادات
دعزم,دعزم
دعم,دعم
دعمدي,دعمد
دعملي,دعم
دغني,دغن
دغپ,دغپ
دغی,دغ
دغیر,دغیر
دفتنه,دفتن
دفخرپروژ,دفخرپروژ
دلد,دلد
دلم,دلم
دلو,دل
دلوبو,دلوب
دلویو,دلوی
دليلونو,دلیل
دلټون,دلټ
دلګیر,دلګیر
دماغي,دماغ
دمتري,دمتر
دمرګژوبل,دمرګژوبل
دمستند,دمستند
دمش,دمش
دملاتړ,دملاتړ
دملت,دملت
دملي,دم
دمنجمد,دمنجمد
دموکراتان,دموکرات
دموکراتو,دموکرات
دموکراسيو,دموکراسی
دموکراسیو,دموکراسی
دنبطي,دنبط
دندی,دند
دنسکورولو,دنسکورول
دنیا,دنیا
دنیس,دنیس
دواء,دواء
دواجوړن,دواجوړن
دوارو,دوار
دواطلب,دواطلب
دواپاشي,دواپاش
دوایي,دوای
دوبندي,دوبند
دوجود,دوجود
دودولی,دودو
دودکوونکو,دودکوونک
دورمه,دورم
دورنا,دورنا
دوری,دور
دوستم,دوستم
دوسي,دوس
دوسی,دوس
دوشبنه,دوشبن
دولتخراسان,دولتخراس
دولتونوجوړ,دولتونوجوړ
دولتیار,دولتیار
دولسمو,دولسم
دونباسه,دونباس
دونكى,دونکى
دونو,دون
دوهلو,دوهل
دوهم,دوهم
دوول,دوول
دوى,دوى
دويساک,دویساک
دوپوکار,دوپوکار
دوړول,دوړول
ديميتري,دیمیتر
ديځ,دیځ
ديگراست,دیگراست
دټرانسپورټ,دټرانسپورټ
دټولني,دټولن
دپارلمان,دپارلم
دپاره,دپار
دپر,دپر
دپلوماتیکه,دپلوماتیک
دپولنډاوبیلاروسترمنځ,دپولنډاوبیلاروسترمنځ
دپوليسو,دپولیس
دځانګړي,دځانګړ
دړه,دړ
دړو,دړ
دکتاتورانو,دکتاتور
دکمښت,دکمښت
دی,دی
دیاب,دیاب
دیان,دی
دیروبهائي,دیروبهائ
دیشي,دیش
دیمتري,دیمتر
دیموکراتیکه,دیموکراتیک
دیني,دین
دیپلوماتونو,دیپلومات
دیپلوماس,دیپلوماس
دیځوالو,دیځوال
ذاتونو,ذات
ذاك,ذاک
ذاکري,ذاکر
ذاکریان,ذاکر
ذخيره,ذخیر
ذره,ذر
ذریعه,ذریع
ذغال,ذغال
ذلجلال,ذلجلال
ذهن,ذهن
ذهنه,ذهن
ذوال,ذوال
ذوب,ذوب
ذِبْحٌ,ذِبْحٌ
ذیکپ,ذیکپ
رااخیست,رااخیست
رااړولی,رااړو
رابلونکو,رابلونک
رابولم,رابولم
راتلل,راتلل
راتوت,راتوت
راجاګان,راجا
راجم,راجم
راجوتوي,راجوتو
راجگیدو,راجگید
راجیته,راجیت
راختل,راختل
راخیست,راخیست
رادارونه,رادار
رادریګز,رادریګز
رادمرد,رادمرد
راراونه,رارا
رارسیدلی,رارسید
رازو,راز
راسپړل,راسپړل
راشړل,راشړل
راضیه,راضی
راغلو,راغل
راق,راق
رالف,رالف
رالنډ,رالنډ
رامحدود,رامحدود
رامنعه,رامنع
رانو,ران
رانیولوته,رانیولوت
راهیست,راهیست
راواړوه,راواړو
راوایستله,راوایستل
راوباسله,راوباسل
راوتلو,راوتل
راوتي,راوت
راوخيست,راوخیست
راورسي,راورس
راوروسته,راوروست
راوغوښتم,راوغوښتم
راولى,راولى
راوليږلم,راولیږلم
راولی,راو
راولیږي,راولیږ
راون,را
راونیسه,راونیس
راوو,را
راووځم,راووځم
راوپاروه,راوپارو
راوپايي,راوپای
راوړ,راوړ
راوړاند,راوړاند
راوړنه,راوړن
راوژغورئ,راوژغورئ
راوښوده,راوښود
راوګرځم,راوګرځم
راوګرځوئ,راوګرځوئ
راوګرځي,راوګرځ
راویښه,راویښ
راویښوي,راویښو
راياد,رایاد
راټيټه,راټیټ
راټيټولای,راټیټولا
راټکلیف,راټکلیف
راپارولو,راپارول
راپه,راپ
راپورنه,راپورن
راپورونکي,راپور
راپینو,راپین
راځړولو,راځړول
راښکاري,راښکار
راښکون,راښک
راکاږلو,راکاږل
راکشول,راکشول
راکوز,راکوز
راکډه,راکډ
راګرځیدو,راګرځید
راګوځولي,راګوځو
رایان,را
راینولډز,راینولډز
رایوحکومت,رایوحکومت
رباکینا,رباکینا
ربایی,ربای
ربهم,ربهم
ربړه,ربړ
ربیناوو,ربینا
رتنایکی,رتنایک
رجيتا,رجیتا
رحال,رحال
رحانيانو,رحان
رحیمالله,رحیمالل
رخصنیو,رخصنی
رخونه,رخ
رد,رد
ردو,رد
رروغتیا,رروغ
رزمیني,رزمین
رزوګار,رزوګار
رزوینه,رزوین
رسالته,رسالت
رستمزي,رستمز
رستن,رستن
رستوارنت,رستوارنت
رسد,رسد
رسمونه,رسم
رسنيو,رسنی
رسنیزو,رسنیز
رسوبي,رسوب
رسولی,رسو
رسونوکي,رسونوک
رسيدا,رسیدا
رسیدنه,رسیدن
رسیده,رسید
رسیدونو,رسید
رضاکاره,رضاکار
رضوان,رضو
رغند,رغند
رغولی,رغو
رغونه,رغ
رغوونکي,رغو
رففح,رففح
رقاصو,رقاص
رقی,رق
رمحمد,رمحمد
رنه,رن
رنډیل,رنډیل
رنګارنګي,رنګارن
رنګز,رنګز
رنګوونکی,رنګو
رنګی,رن
رنګیري,رنګیر
رنیویر,رنیویر
رهارد,رهارد
رهد,رهد
روا,روا
روابطوشورا,روابطوشورا
رواجونکی,رواج
رواندوا,رواندوا
روانشناس,روانشناس
روانو,رو
روباتیک,روباتیک
روبلیس,روبلیس
روخت,روخت
روزلین,روزلین
روزنیزو,روزنیز
روزونک,روزونک
روزوونکی,روزو
روسیهجمعه,روسیهجمع
روشونو,روش
روض,روض
روغانی,روغان
روغيتاي,روغیتا
روفو,روف
روماتیزم,روماتیزم
روماریو,روماری
رومانوف,رومانوف
روماني,رومان
روند,روند
رونو,رون
رونټيا,رونټیا
روهینگا,روهینگا
روورونو,روور
روډریګیز,روډریګیز
روډوټس,روډوټس
روړکي,روړک
روژماتي,روژمات
روکراسي,روکراس
روکسي,روکس
روګر,روګر
رویرو,رویر
رویل,رویل
رياضي,ریاض
ريان,ری
ريانووستي,ریانووست
ريكشاوو,ریکشا
رييس,رییس
ريډنګ,ریډنګ
ريښتنی,ریښتن
ريښتینول,ریښتینول
ريښو,ریښ
رَأَیْتُ,رَأَیْتُ
رَبَّنَا,رَبَّنَا
رپوت,رپوت
رښتينول,رښتینول
رښتینول,رښتینول
رکشهابندهن,رکشهابندهن
رکي,رک
رګي,رګ
رګټوره,رګټور
رگ,رگ
ریئلیټي,ریئلیټ
ریال,ریال
ریدل,ریدل
ریزوتو,ریزوت
ریشب,ریشب
ریفرنډم,ریفرنډم
ریلیف,ریلیف
رینز,رینز
ریوارداتي,ریواردات
ریواني,ریوان
ریوسوک,ریوسوک
ریوټ,ریوټ
ریټرو,ریټر
ریټینول,ریټینول
ریپوسته,ریپوست
ریپوټ,ریپوټ
ریچارلیسن,ریچارلیسن
ریچمونډشیر,ریچمونډشیر
ریچن,ریچن
ریډین,ریډین
ریږئ,ریږئ
ریښتینو,ریښتین
ریښتینوالی,ریښتین
ریکارډ,ریکارډ
ریکاډ,ریکاډ
ریکټور,ریکټور
ریکټورونو,ریکټور
ریکیټس,ریکیټس
زات,زات
زاغانو,زاغ
زامترادزه,زامترادز
زامنو,زامن
زاویده,زاوید
زاړه,زاړ
زاکربرګ,زاکربرګ
زایره,زایر
زایي,زای
زبادولو,زبادول
زبان,زب
زبيد,زبید
زجر,زجر
زحمتکش,زحمتکش
زخاروا,زخاروا
زدکونکو,زدکونک
زدکړیالان,زدکړیال
زروه,زرو
زرڅانګ,زرڅانګ
زرکو,زرک
زرکونو,زرک
زرګل,زرګل
زسیږي,زسیږ
زغرګاډو,زغرګاډ
زغملو,زغمل
زلدین,زلدین
زمانخیل,زمانخیل
زمكه,زمک
زناته,زنات
زندانيانو,زندان
زنس,زنس
زنګه,زنګ
زهران,زهر
زوستيا,زوس
زومانو,زوم
زوى,زوى
زوګدیدي,زوګدید
زياتيري,زیاتیر
زيانمن,زیانمن
زيبايى,زیبایى
زيد,زید
زيدالسراج,زیدالسراج
زيربناوو,زیربنا
زيونونه,زیون
زيږ,زیږ
زيږونونو,زیږون
زپوريژيا,زپوریژیا
زړورتیا,زړور
زړښت,زړښت
زړګیه,زړګی
زیاتولو,زیاتول
زیاتويد,زیاتوید
زیاتی,زیات
زیاتید,زیاتید
زیان,زی
زیانم,زیانم
زیانمنونکی,زیانمن
زیانمنیدو,زیانمنید
زیانموونکو,زیانموونک
زیدان,زید
زیدي,زید
زیربي,زیرب
زینر,زینر
زینو,زین
زیورات,زیورات
زیوس,زیوس
زیږه,زیږ
ساتنځایونو,ساتنځای
ساتونک,ساتونک
ساختار,ساختار
ساختماني,ساختمان
سادیف,سادیف
سارنګي,سارن
سازمانانونو,سازمانان
سازمانونو,سازمان
ساسي,ساس
ساسچونو,ساسچ
ساغر,ساغر
سالارزو,سالارز
سالارزیو,سالارزی
سالتوونکو,سالتوونک
سالواتروچا,سالواتروچا
سالود,سالود
سالوو,سال
سامح,سامح
سامسن,سامسن
ساموئل,ساموئل
سان,سان
سانا,سانا
سانت,سانت
سانتر,سانتر
سانتریفیوژونه,سانتریفیوژ
سانسکریټ,سانسکریټ
سانچو,سانچ
سانګلي,سانګ
ساهیتیا,ساهی
ساودي,ساود
ساویت,ساویت
ساينسي,ساینس
ساينسپوه,ساینسپو
ساپ,ساپ
ساپو,ساپ
ساګانو,سا
سایبریا,سایبریا
سایسنسپوهانو,سایسنسپوه
سایسنپوه,سایسنپو
سایمان,سایم
ساینسپوهانو,ساینسپوه
سایډي,سایډ
سایکل,سایکل
سایکوټ,سایکوټ
سایکي,سایک
سباکه,سباک
سببه,سبب
سبزار,سبزار
سبزيان,سبز
سبزیانو,سبز
سبقت,سبقت
سبقونه,سبق
سبقونو,سبق
سبمال,سبمال
سبوس,سبوس
ستاس,ستاس
ستانیو,ستانی
ستاوریدیس,ستاوریدیس
ستراتيز,ستراتیز
ستراتيژیک,ستراتیژیک
سترګ,سترګ
ستندردونو,ستندرد
ستندوي,ستندو
ستنول,ستنول
ستوانو,ستو
ستوريزه,ستوریز
ستوری,ستور
ستوزنه,ستوزن
ستوغ,ستوغ
ستونزمنګامونه,ستونزمنګام
ستونزوسر,ستونزوسر
ستوني,ستون
ستړو,ستړ
ستیدلو,ستیدل
سجل,سجل
سجنک,سجنک
سحر,سحر
سحرا,سحرا
سختدریځه,سختدریځ
سختدریځو,سختدریځ
سدوزی,سدوز
سراتونین,سراتونین
سراج,سراج
سراجي,سراج
سرامک,سرامک
سراه,سرا
سرببری,سرببر
سربلند,سربلند
سربندونو,سربند
سربیره,سربیر
سرحدونه,سرحد
سرسبزي,سرسبز
سرشي,سرش
سرطانونو,سرطان
سرطانی,سرطان
سرقوماندان,سرقوماند
سرك,سرک
سرلاري,سرلار
سرمربي,سرمرب
سرمشریره,سرمشریر
سرنده,سرند
سرودونه,سرود
سرورونو,سرور
سروز,سروز
سرویس,سرویس
سرویګانو,سروی
سريلانکا,سریلانکا
سريلنکايي,سریلنکای
سرټړل,سرټړل
سرڅلی,سرڅ
سرچنیو,سرچنی
سرچینه,سرچین
سرښونک,سرښونک
سرکشي,سرکش
سرکونسل,سرکونسل
سرګروپونو,سرګروپ
سرګی,سر
سری,سر
سریلاناکا,سریلاناکا
سریلانکای,سریلانکا
سریکان,سریک
سسي,سس
سطحه,سطح
سعادتمند,سعادتمند
سعیدشاه,سعیدشا
سفارتي,سفارت
سفارشونه,سفارش
سفارشونو,سفارش
سفالي,سفا
سفتجه,سفتج
سفرکړ,سفرکړ
سفیره,سفیر
سفینه,سفین
سقطونه,سقط
سلاحیت,سلاحیت
سلایډ,سلایډ
سلدنافیل,سلدنافیل
سلطتني,سلطتن
سلفر,سلفر
سلنډرونو,سلنډر
سلهاو,سلها
سلوا,سلوا
سلوى,سلوى
سلوک,سلوک
سلیمانيه,سلیمانی
سماحت,سماحت
سماعيل,سماعیل
سمباله,سمبال
سمبالوونک,سمبالوونک
سمبرک,سمبرک
سمسورولو,سمسورول
سمندرونو,سمندر
سمه,سم
سمو,سم
سموتریچ,سموتریچ
سمولو,سمول
سموونو,سمو
سمپاتیک,سمپاتیک
سمپسن,سمپسن
سمینار,سمینار
سمیو,سمی
سناتوریم,سناتوریم
سناده,سناد
سندرغاړي,سندرغاړ
سندروسره,سندروسر
سندیتون,سندیت
سنو,سن
سنوکر,سنوکر
سنيمة,سنیمة
سنټا,سنټا
سنټرونو,سنټر
سنګاپور,سنګاپور
سنگر,سنگر
سنیها,سنیها
سهرابي,سهراب
سهيله,سهیل
سوابي,سواب
سوادګري,سوادګر
سواندی,سواند
سوای,سوا
سوبرامانیان,سوبرامان
سوبه,سوب
سوتزرلنډ,سوتزرلنډ
سوخته,سوخت
سوداګ,سوداګ
سوداګريز,سوداګریز
سوداګريزي,سوداګریز
سورجوماتارام,سورجوماتارام
سورس,سورس
سورغمي,سورغم
سوزش,سوزش
سوزولو,سوزول
سوزون,سوز
سوزک,سوزک
سوسي,سوس
سوسیالیستانو,سوسیالیست
سولرونو,سولر
سولوینیا,سولوینیا
سولي,سو
سولیدلي,سولید
سومالی,سوما
سومایه,سومای
سومر,سومر
سونکو,سونک
سوونو,سو
سويدي,سوید
سوپ,سوپ
سوځوونکي,سوځو
سوچونو,سوچ
سوکرو,سوکر
سوکوهونکي,سوکوه
سوکړه,سوکړ
سوګند,سوګند
سوګیونو,سوګی
سوڼ,سوڼ
سویتي,سویت
سویسي,سویس
سویني,سوین
سياسيت,سیاسیت
سيدولي,سیدو
سيريز,سیریز
سيلمان,سیلم
سيمنا,سیمنا
سيند,سیند
سينوسايټ,سینوسایټ
سينوفورم,سینوفورم
سيکولر,سیکولر
سَاكِنِ,سَاکِنِ
سَوْآتِکُمْ,سَوْآتِکُمْ
سِلْكُهُ,سِلْکُهُ
سټاربکز,سټاربکز
سټاروپولي,سټاروپو
سټانسبري,سټانسبر
سټاکس,سټاکس
سټاینز,سټاینز
سټدیومونو,سټدیوم
سټرا,سټرا
سټرایټ,سټرایټ
سټریټ,سټریټ
سټریټینګ,سټریټینګ
سټنډرډونه,سټنډرډ
سټورم,سټورم
سټوډنټس,سټوډنټس
سټيل,سټیل
سټډیم,سټډیم
سټیجونو,سټیج
سټیزن,سټیزن
سټیفیلوکوکي,سټیفیلوکوک
سټیکر,سټیکر
سپارو,سپار
سپانسرشیپونو,سپانسرشیپ
سپتامبر,سپتامبر
سپرلي,سپر
سپرنا,سپرنا
سپنو,سپن
سپني,سپن
سپهسالار,سپهسالار
سپورتونو,سپورت
سپورټی,سپورټ
سپوپر,سپوپر
سپوږم,سپوږم
سپوږميز,سپوږمیز
سپټیمبر,سپټیمبر
سپټیک,سپټیک
سپپټمبر,سپپټمبر
سپکول,سپکول
سپیڅل,سپیڅل
سچو,سچ
سړ,سړ
سړغړون,سړغړ
سړیو,سړی
سکاریه,سکاری
سکالر,سکالر
سکاټلند,سکاټلند
سکتورنه,سکتورن
سکریټ,سکریټ
سکندر,سکندر
سکندري,سکندر
سکنډنيويايي,سکنډنیویای
سکنکونه,سکنک
سکولريزم,سکولریزم
سکپاڼه,سکپاڼ
سکیټينګ,سکیټینګ
سګريټ,سګریټ
سیاتل,سیاتل
سیارو,سیار
سیاستو,سیاست
سیاستوال,سیاستوال
سیاسیون,سیاسی
سیباستین,سیباستین
سیت,سیت
سید,سید
سیداحمد,سیداحمد
سیدامیر,سیدامیر
سیدان,سید
سیدحارث,سیدحارث
سیدحسین,سیدحسین
سیدریس,سیدریس
سیدعزیز,سیدعزیز
سیدوف,سیدوف
سیروکاهوي,سیروکاهو
سیزیز,سیزیز
سیستولیک,سیستولیک
سیسلا,سیسلا
سیسټومونه,سیسټوم
سیلا,سیلا
سیلویا,سیلویا
سیمسن,سیمسن
سیمیان,سیم
سیندل,سیندل
سیندیز,سیندیز
سینمایی,سینمای
سینو,سین
سینکاګو,سینکاګ
سیوريو,سیوری
سیویتا,سیویتا
سیټرس,سیټرس
سیټي,سیټ
سیپري,سیپر
سیپټیسیمیک,سیپټیسیمیک
سییریزونه,سییریز
شاتن,شاتن
شارج,شارج
شارزدافیر,شارزدافیر
شارف,شارف
شاروجان,شاروج
شاریته,شاریت
شاقه,شاق
شالوم,شالوم
شاملیدلو,شاملیدل
شانډونګ,شانډونګ
شاهدان,شاهد
شاهدي,شاهد
شاهدیو,شاهدی
شاهين,شاهین
شاهکارونه,شاهکار
شاکونه,شاک
شاگردان,شاگرد
شایق,شایق
شبستان,شبست
شبهاتو,شبهات
شبږمه,شبږم
شتلای,شتلا
شتمن,شتمن
شتيږي,شتیږ
شخړمنه,شخړمن
شدند,شدند
شدیداً,شدیداً
شرابي,شراب
شرارتونه,شرارت
شراف,شراف
شرایانونه,شرایان
شرایطی,شرایط
شرحه,شرح
شرطونه,شرط
شرفتونو,شرفت
شرفي,شرف
شرکتونود,شرکتونود
شریعتي,شریعت
شریفو,شریف
شعاري,شعار
شعرونه,شعر
شفایت,شفایت
شقاقي,شقاق
شلاش,شلاش
شلوم,شلوم
شلټرونه,شلټر
شمایل,شمایل
شمرګه,شمرګ
شمس,شمس
شملو,شمل
شمیرو,شمیر
شنبو,شنب
شنرس,شنرس
شننوکی,شننوک
شنونکی,شن
شنګفو,شنګف
شهابي,شهاب
شهداوو,شهدا
شهرام,شهرام
شهرستان,شهرست
شهرهای,شهرها
شهزادګ,شهزادګ
شهمامه,شهمام
شهيدان,شهید
شهیدان,شهید
شهین,شهین
شوارز,شوارز
شوانګ,شوانګ
شواک,شواک
شوای,شوا
شوبانکر,شوبانکر
شوراگانو,شوراگ
شورل,شورل
شوري,شور
شوز,شوز
شوقي,شوق
شولتس,شولتس
شومو,شوم
شونو,شون
شونوف,شونوف
شوياو,شویا
شوپرکانو,شوپرک
شيخان,شیخ
شيرزاد,شیرزاد
شيطانان,شیطان
شيلپي,شیلپ
شټوټګارټ,شټوټګارټ
شپشت,شپشت
شپولي,شپو
شپږو,شپږ
شپږويشتم,شپږویشتم
شپږویشتم,شپږویشتم
شپږيزه,شپږیز
شپږکاله,شپږکال
شپیتم,شپیتم
شپیږیز,شپیږیز
شړکنده,شړکند
شکل,شکل
شکلاو,شکلا
شکنج,شکنج
شکوربایي,شکوربای
شکون,شک
شکونو,شک
شکی,شک
شکیب,شکیب
شکیت,شکیت
شیائولین,شیائولین
شیث,شیث
شیخیان,شیخ
شیدي,شید
شیرس,شیرس
شیریف,شیریف
شیریل,شیریل
شیشه,شیش
شیشو,شیش
شیعه,شیع
شیمیش,شیمیش
شیکاګو,شیکاګ
شیکو,شیک
شیګن,شیګن
شیی,شی
صابرين,صابرین
صابونونو,صابون
صادرو,صادر
صاف,صاف
صافی,صاف
صالحانو,صالح
صاوي,صاو
صحرای,صحرا
صحن,صحن
صدای,صدا
صدرِ,صدرِ
صدیکوف,صدیکوف
صفر,صفر
صفوفكم,صفوفکم
صفیر,صفیر
صمیمانه,صمیم
صنایع,صنایع
صنصال,صنصال
صنعت,صنعت
صنعتګرانو,صنعتګر
صهیب,صهیب
ضربة,ضربة
ضرور,ضرور
ضلع,ضلع
ضمیمه,ضمیم
ضوابط,ضوابط
ضیااحمد,ضیااحمد
ضیاالرحمن,ضیاالرحمن
طاق,طاق
طاقتونه,طاقت
طاقچو,طاقچ
طالبانوپه,طالبانوپ
طایف,طایف
طبقود,طبقود
طبیان,طب
طراحانو,طراح
طریف,طریف
طریفه,طریف
طلسم,طلسم
طلیب,طلیب
طوفاني,طوفان
طيب,طیب
ظاهر,ظاهر
ظاهرآ,ظاهرآ
ظاهري,ظاهر
ظریفانه,ظریف
ظفر,ظفر
عابدیني,عابدین
عادلي,عاد
عارفاف,عارفاف
عارفه,عارف
عاشق,عاشق
عاشوراء,عاشوراء
عاطفه,عاطف
عافیصه,عافیص
عالیقدر,عالیقدر
عام,عام
عامرښکاره,عامرښکار
عاملونه,عامل
عایدلرونکو,عایدلرونک
عبادالله,عبادالل
عبارت,عبارت
عبدالحمد,عبدالحمد
عبدالرووف,عبدالرووف
عبدالسبحان,عبدالسبح
عبدالغفور,عبدالغفور
عبداللهیان,عبدالله
عبدالمظهر,عبدالمظهر
عبوري,عبور
عبيده,عبید
عبیدالله,عبیدالل
عت,عت
عثمانخ,عثمانخ
عثمانوف,عثمانوف
عجله,عجل
عجيبه,عجیب
عدد,عدد
عديل,عدیل
عذره,عذر
عذير,عذیر
عرض,عرض
عرفت,عرفت
عرمون,عرم
عرياني,عریان
عزتونو,عزت
عزل,عزل
عسلو,عسل
عسکري,عسکر
عشر,عشر
عصابو,عصاب
عصار,عصار
عصارد,عصارد
عصريت,عصریت
عصیان,عص
عضب,عضب
عضل,عضل
عظیم,عظیم
عظیمي,عظیم
عفته,عفت
عفوني,عفون
عقلمندي,عقلمند
عقیدو,عقید
عكسوي,عکسو
علاقمندي,علاقمند
علت,علت
عللو,علل
علمی,علم
علوان,علو
عليهم,علیهم
عليکردي,علیکرد
عليکم,علیکم
عمان,عم
عمرا,عمرا
عمراف,عمراف
عمرزوی,عمرزو
عمري,عمر
عملیات,عملیات
عملیاتي,عملیات
عمویي,عموی
عنابي,عناب
عنتيبي,عنتیب
عنعناتو,عنعنات
عنوانونو,عنوان
عورتونه,عورت
عوقب,عوقب
عون,عون
عيدمحمد,عیدمحمد
عينک,عینک
عَبْدِهِ,عَبْدِهِ
عَلَيْكُمُ,عَلَیْکُمُ
عَلَی,عَلَ
عُرْفًا,عُرْفًا
عیاره,عیار
عیارکړي,عیارکړ
عیدالسلام,عیدالسلام
عیسويانو,عیسو
عیناً,عیناً
غازيانو,غاز
غایبو,غایب
غبرګونونونه,غبرګونون
غجمن,غجمن
غدي,غد
غذاګان,غذا
غرختونکي,غرخت
غرضناک,غرضناک
غرضونو,غرض
غرغره,غرغر
غریب,غریب
غزال,غزال
غزنوي,غزنو
غزوه,غزو
غزیدل,غزیدل
غصبوي,غصبو
غلامان,غلام
غلظت,غلظت
غله,غل
غمجنی,غمجن
غمزده,غمزد
غنی,غن
غواراوي,غواراو
غوايي,غوای
غوجلو,غوجل
غوراو,غورا
غوزیو,غوزی
غونج,غونج
غونجو,غونج
غوړنډ,غوړنډ
غوړولي,غوړو
غوړیدا,غوړیدا
غوړیدلی,غوړید
غوږ,غوږ
غوښتل,غوښتل
غوښتلی,غوښت
غوښتنليکونه,غوښتنلیک
غوښتنن,غوښتنن
غوښتنهډ,غوښتنهډ
غوښتنونکي,غوښتن
غوښتنیکونه,غوښتنیک
غوښتونکی,غوښت
غوڼډ,غوڼډ
غي,غي
غيابي,غیاب
غيرمستقيم,غیرمستقیم
غيږي,غیږ
غږونه,غږ
غږوي,غږو
غږیږي,غږیږ
غښتلتیا,غښتل
غڼه,غڼ
غیرانتفاعي,غیرانتفاع
غیرطبي,غیرطب
غیرمستقیمه,غیرمستقیم
غیرکډوال,غیرکډوال
غیږه,غیږ
فابین,فابین
فاتوزو,فاتوز
فارغیدو,فارغید
فارمت,فارمت
فارموله,فارمول
فارمکولوژ,فارمکولوژ
فارک,فارک
فاسف,فاسف
فاضلابو,فاضلاب
فافمن,فافمن
فالون,فال
فايت,فایت
فایز,فایز
فایزه,فایز
فتواوو,فتوا
فجيره,فجیر
فدایانو,فدا
فدراسینونو,فدراسین
فدراي,فدرا
فراغی,فراغ
فرانسویانو,فرانسو
فرانسیوس,فرانسیوس
فرانکفورټر,فرانکفورټر
فرانکي,فرانک
فرانیسس,فرانیسس
فرست,فرست
فرصت,فرصت
فرعوني,فرعون
فرماندهی,فرمانده
فرمول,فرمول
فرنادز,فرنادز
فرنيچر,فرنیچر
فرنټ,فرنټ
فرنټیکس,فرنټیکس
فرنیچر,فرنیچر
فرهنګي,فرهن
فرودوسي,فرودوس
فرګوسن,فرګوسن
فریادونه,فریاد
فریضه,فریض
فریټ,فریټ
فریکو,فریک
فزیولوژیک,فزیولوژیک
فستيوال,فستیوال
فستیوالونو,فستیوال
فسلطینیان,فسلطین
فسټیوال,فسټیوال
فضیل,فضیل
فعالیتوونو,فعالیتو
فقهاؤ,فقهاؤ
فقيد,فقید
فكر,فکر
فلانی,فلان
فلاوونایډ,فلاوونایډ
فلاوینویډز,فلاوینویډز
فلايټ,فلایټ
فلاګن,فلاګن
فلای,فلا
فلترولو,فلترول
فلزکار,فلزکار
فلمو,فلم
فلمونه,فلم
فلمونو,فلم
فلنعم,فلنعم
فلورایډ,فلورایډ
فلیکو,فلیک
فلیکوایو,فلیکوای
فمن,فمن
فنتا,فنتا
فنظر,فنظر
فنچر,فنچر
فهریه,فهری
فهيم,فهیم
فوجیرا,فوجیرا
فورد,فورد
فورشیل,فورشیل
فوسفورس,فوسفورس
فوقالعاده,فوقالعاد
فولډ,فولډ
فولکلوریکه,فولکلوریک
فوندایو,فوندای
فوټبالران,فوټبالر
فوټبالي,فوټبا
فوټه,فوټ
فوټپال,فوټپال
فيروزکوه,فیروزکو
فيصدي,فیصد
فيوزد,فیوزد
فيډرالي,فیډرا
فَإِمَّا,فَإِمَّا
فَتَتَابَعَ,فَتَتَابَعَ
فَلا,فَلا
فُرصتونه,فُرصت
فُوک,فُوک
فډراسیونونو,فډراسیون
فډرال,فډرال
فیدرالي,فیدرا
فیدورینوف,فیدورینوف
فیراري,فیرار
فیروزکوه,فیروزکو
فیسبوکي,فیسبوک
فیسوک,فیسوک
فیصله,فیصل
فیضاني,فیضان
فیلان,فیل
فیلیپس,فیلیپس
فینیکس,فینیکس
فیوژن,فیوژن
فیډرال,فیډرال
قائل,قائل
قابلو,قابل
قابلیتونه,قابلیت
قابلیو,قابلی
قافل,قافل
قالیباپ,قالیباپ
قاموس,قاموس
قانت,قانت
قانونا,قانونا
قاني,قان
قاهر,قاهر
قاچاقبران,قاچاقبر
قایدي,قاید
قبائلي,قبائ
قبايلو,قبایل
قبرس,قبرس
قبضول,قبضول
قبلول,قبلول
قبيلوي,قبیلو
قدرتونه,قدرت
قدريه,قدری
قرادادونه,قراداد
قرارادادونه,قراراداد
قرارادونه,قراراد
قرب,قرب
قرقاش,قرقاش
قرم,قرم
قسطنطنی,قسطنطن
قسطونو,قسط
قشله,قشل
قصابانو,قصاب
قصابي,قصاب
قصرا,قصرا
قضاتو,قضات
قطردا,قطردا
قطع,قطع
قطعه,قطع
قطعو,قطع
قعلي,قع
قلات,قلات
قلاغچ,قلاغچ
قلمه,قلم
قلوي,قلو
قنایي,قنای
قهریدلی,قهرید
قواله,قوال
قوانیو,قوانی
قوای,قوا
قوره,قور
قول,قول
قوماندانو,قوماند
قومند,قومند
قونسلیګریو,قونسلیګری
قي,قي
قيمتونه,قیمت
قِيَ,قِیَ
قیدوشرط,قیدوشرط
قیراط,قیراط
قیروان,قیرو
قیصری,قیصر
قیصه,قیص
قیمتونه,قیمت
كار,کار
كاملا,کاملا
كبله,کبل
كبير,کبیر
كلن,کلن
كلها,کلها
كنانة,کنانة
كولاي,کولا
كولو,کول
كومي,کوم
كوچني,کوچن
كيسه,کیس
كَانَتْ,کَانَتْ
كَمَنْ,کَمَنْ
كُتِبَ,کُتِبَ
كُلٌّ,کُلٌّ
كړى,کړى
لائټننګ,لائټننګ
لابدتر,لابدتر
لابونونو,لابون
لابيل,لابیل
لابيلي,لابی
لاتر,لاتر
لارشته,لارشت
لارډ,لارډ
لارښود,لارښود
لازاریني,لازارین
لاسته,لاست
لاسلک,لاسلک
لاسنيو,لاسنی
لاسپیرجیو,لاسپیرجی
لاغر,لاغر
لالویټ,لالویټ
لام,لام
لامبووهونک,لامبووهونک
لامسدن,لامسدن
لامپدوزا,لامپدوزا
لاند,لاند
لانداو,لاندا
لاندر,لاندر
لانده,لاند
لانګسرود,لانګسرود
لاوډر,لاوډر
لاړه,لاړ
لبسرین,لبسرین
لبنانیانو,لبنان
لبنیات,لبنیات
لتانه,لت
لتره,لتر
لتونپال,لتونپال
لدا,لدا
لدی,لد
لراوبر,لراوبر
لرلید,لرلید
لرونکوانځورونو,لرونکوانځور
لزوم,لزوم
لسيو,لسی
لسپي,لسپ
لسیزونو,لسیز
لطفآ,لطفآ
لغته,لغت
لفظونو,لفظ
لفي,لف
لفټنټ,لفټنټ
لقمان,لقم
لكه,لک
للشيخ,للشیخ
لمانځئ,لمانځئ
لمانځنه,لمانځن
لمب,لمب
لمر,لمر
لمسوونک,لمسوونک
لنډري,لنډر
لنډه,لنډ
لنډور,لنډور
لنک,لنک
لنکلن,لنکلن
لنید,لنید
لهبیب,لهبیب
لههغه,لههغ
لوئ,لوئ
لواء,لواء
لوبتوکي,لوبتوک
لوبدلشمر,لوبدلشمر
لوبلړ,لوبلړ
لوبلړيو,لوبلړی
لوبولي,لوبو
لوبډلهبه,لوبډلهب
لوبډو,لوبډ
لوبیدو,لوبید
لوبیږئ,لوبیږئ
لورا,لورا
لورګان,لور
لوریزو,لوریز
لورینس,لورینس
لوزمور,لوزمور
لوسایل,لوسایل
لوستی,لوست
لوسیو,لوسی
لوفتبروکه,لوفتبروک
لوموړی,لوموړ
لومړ,لومړ
لومړيتوبنو,لومړیتوبن
لون,لون
لوندوالي,لوند
لووي,لوو
لوټلي,لوټ
لوټول,لوټول
لوړترینه,لوړترین
لوړشی,لوړش
لوړولای,لوړولا
لوړونکي,لوړ
لوړپوړی,لوړپوړ
لوړیدونکو,لوړیدونک
لوژستيکی,لوژستیک
لوښیو,لوښی
لوکاس,لوکاس
لوکزامبورګ,لوکزامبورګ
لوکيميا,لوکیمیا
لوګزمبورګ,لوګزمبورګ
لویديځه,لویدیځ
لویسي,لویس
لياري,لیار
ليدلوریو,لیدلوری
ليس,لیس
ليفوني,لیفون
ليلکي,لیلک
ليم,لیم
لينګي,لین
لييم,لییم
ليډز,لیډز
ليکوالو,لیکوال
ليکونکو,لیکونک
ليکونکی,لیک
ليګراف,لیګراف
ليګونو,لیګ
ليگ,لیگ
لِلَّهِ,لِلَّهِ
لَّدُنكَ,لَّدُنکَ
لټولو,لټول
لپاره,لپار
لړلو,لړل
لږو,لږ
لږي,لږ
لکولي,لکو
لکپاس,لکپاس
لکی,لک
لګرو,لګر
لګولي,لګو
لڼډمهاله,لڼډمهال
لی,لی
لیارډه,لیارډ
لیان,لی
لیبرالسیم,لیبرالسیم
لیبیراټي,لیبیراټ
لیتیمو,لیتیم
لیدلوری,لیدلور
لیزا,لیزا
لیسه,لیس
لیسو,لیس
لیسوټو,لیسوټ
لیفوني,لیفون
لیمفوما,لیمفوما
لینکر,لینکر
لیونتوب,لیون
لیونونه,لیون
لیټیم,لیټیم
لیږدونکو,لیږدونک
لیږو,لیږ
لیکدړه,لیکدړ
لیکله,لیکل
لیګونه,لیګ
مؤقت,مؤقت
مؤلدین,مؤلدین
ما,ما
ماتحتو,ماتحت
ماتو,مات
ماتي,مات
ماجیسکي,ماجیسک
ماخُلقَ,ماخُلقَ
مادوشنکا,مادوشنکا
مادیار,مادیار
مارالاګو,مارالاګ
مارتل,مارتل
مارتینز,مارتینز
مارشال,مارشال
مارشونو,مارش
مارلاګو,مارلاګ
مارنیوس,مارنیوس
مارټینلي,مارټین
مارکيټ,مارکیټ
مارکی,مارک
مارګنیټ,مارګنیټ
ماریس,ماریس
مارینا,مارینا
مازدیګره,مازدیګر
مازغه,مازغ
ماسور,ماسور
ماسپښین,ماسپښین
ماشاءالله,ماشاءالل
ماشتو,ماشت
ماشوما,ماشوما
ماشومو,ماشوم
ماشينه,ماشین
مالدوا,مالدوا
مالمنجک,مالمنجک
مالي,ما
مالِ,مالِ
مالټو,مالټ
مالیار,مالیار
مالیه,مالی
مالیکولونه,مالیکول
مامورینو,مامورین
مانزانارس,مانزانارس
مانسفیلد,مانسفیلد
مانویلا,مانویلا
مانچا,مانچا
مانډیویل,مانډیویل
مانیس,مانیس
ماټيس,ماټیس
ماچادو,ماچاد
ماړه,ماړ
مایمي,مایم
مایننګ,مایننګ
ماینکرفت,ماینکرفت
مایوتسه,مایوتس
مایکروسکوفي,مایکروسکوف
مایکروفلور,مایکروفلور
مایکروویو,مایکرووی
مبادلاتو,مبادلات
مبایلونه,مبایل
مبصرینو,مبصرین
مبعوث,مبعوث
مبین,مبین
متاثروي,متاثرو
متامفتام,متامفتام
متحدين,متحدین
متحرک,متحرک
متخصصينو,متخصصین
متدين,متدین
مترمربع,مترمربع
متشبیثینو,متشبیثین
متعاصبي,متعاصب
متعصب,متعصب
متفاوتي,متفاوت
متقاعدينو,متقاعدین
متلاشی,متلاش
متمدنو,متمدن
متنونو,متن
متیوز,متیوز
مثقاله,مثقال
مثلثاتو,مثلثات
مجبوریږ,مجبوریږ
مجتبا,مجتبا
مجردتوب,مجرد
مجروحاو,مجروحا
مجمع,مجمع
مجوس,مجوس
محبوبيت,محبوبیت
محتاطه,محتاط
محتطانه,محتط
محرومو,محروم
محسودو,محسود
محسوسوي,محسوسو
محصيلين,محصیلین
محلی,مح
محمدخالد,محمدخالد
محمدزي,محمدز
محمدش,محمدش
محمدصلاح,محمدصلاح
محمدي,محمد
محمود,محمود
محور,محور
محیالدین,محیالدین
محیط,محیط
محیطه,محیط
مخابر,مخابر
مخاطبین,مخاطبین
مخالف,مخالف
مخالفان,مخالف
مخالفته,مخالفت
مخباراتو,مخبارات
مخروطو,مخروط
مخصوصآ,مخصوصآ
مخطوطه,مخطوط
مخنوي,مخنو
مخونه,مخ
مخکنيو,مخکنی
مخکينيو,مخکینی
مخکښو,مخکښ
مدافعينو,مدافعین
مدافعینو,مدافعین
مدراش,مدراش
مدعي,مدع
مدعیانو,مدع
مدغمه,مدغم
مدن,مدن
مدورو,مدور
مدوشان,مدوش
مدویدوف,مدویدوف
مدیر,مدیر
مذکراتو,مذکرات
مراجعو,مراجع
مراحلو,مراحل
مراسیمو,مراسیم
مراعتوونکي,مراعتو
مراعتیږي,مراعتیږ
مرافع,مرافع
مراقبتونه,مراقبت
مرال,مرال
مراهټي,مراهټ
مراټهي,مراټه
مربوطاتو,مربوطات
مربوطو,مربوط
مربیتوب,مربی
مرتکبینو,مرتکبین
مرجعیون,مرجعی
مرحلي,مرح
مرخيړي,مرخیړ
مرداري,مردار
مرستن,مرستن
مرستهسيګار,مرستهسیګار
مرستو,مرست
مرسر,مرسر
مرسیتال,مرسیتال
مرصع,مرصع
مرغدار,مرغدار
مرغو,مرغ
مرغيو,مرغی
مركزي,مرکز
مرميو,مرمی
مرمیوو,مرمی
مرکاوای,مرکاوا
مرکل,مرکل
مرګونه,مرګ
مریضانو,مریض
مریی,مری
مزارک,مزارک
مزودر,مزودر
مزکرات,مزکرات
مزی,مز
مسؤلین,مسؤلین
مسؤولیت,مسؤولیت
مسئلي,مسئ
مسائيل,مسائیل
مسابق,مسابق
مساحت,مساحت
مساعدیدلو,مساعدیدل
مساعدیدو,مساعدید
مساغ,مساغ
مسافرتي,مسافرت
مسالو,مسال
مساپر,مساپر
مستعارنوم,مستعارنوم
مستعمار,مستعمار
مستندسازي,مستندساز
مستو,مست
مسخره,مسخر
مسل,مسل
مسلح,مسلح
مسلسل,مسلسل
مسلوپه,مسلوپ
مسلک,مسلک
مسوول,مسوول
مسوولیونو,مسوولی
مسکل,مسکل
مسکوني,مسکون
مسکین,مسکین
مسیحیانو,مسیح
مسیحیت,مسیحیت
مسیسي,مسیس
مشارکتونه,مشارکت
مشارکتي,مشارکت
مشاع,مشاع
مشاوریت,مشاوریت
مشراندري,مشراندر
مشرمصطفی,مشرمصطف
مشروب,مشروب
مشکواة,مشکواة
مصروفيت,مصروفیت
مصرک,مصرک
مصطفیزور,مصطفیزور
مصلحتونه,مصلحت
مصنوعي,مصنوع
مصوده,مصود
مصوونيت,مصوونیت
مصيبتونو,مصیبت
مضاربت,مضاربت
مضره,مضر
مطلبونه,مطلب
مظبوط,مظبوط
مظفر,مظفر
مظلومو,مظلوم
معادنونه,معادن
معاف,معاف
معاینو,معاین
معتبره,معتبر
معترضه,معترض
معجزه,معجز
معدنونو,معدن
معدنیات,معدنیات
معذوري,معذور
معرض,معرض
معزز,معزز
معسود,معسود
معصومیت,معصومیت
معقوله,معقول
معقولي,معقو
معلولات,معلولات
معلوله,معلول
معلومات,معلومات
معلوماتی,معلومات
معمولآ,معمولآ
معنادار,معنادار
معناداره,معنادار
معنالرونک,معنالرونک
معياري,معیار
معينانو,معین
معیشتي,معیشت
معین,معین
معیننيت,معیننیت
مغارو,مغار
مغاز,مغاز
مغزنوو,مغزن
مغلستان,مغلست
مفاصلو,مفاصل
مفاهيمو,مفاهیم
مفهوم,مفهوم
مقابله,مقابل
مقابلو,مقابل
مقانه,مق
مقایس,مقایس
مقبل,مقبل
مقتضایات,مقتضایات
مقدمو,مقدم
مقررول,مقررول
مقصودلو,مقصودل
مقناطیس,مقناطیس
مقوي,مقو
مقيد,مقید
مك,مك
ملاتړ,ملاتړ
ملاتړلري,ملاتړلر
ملاتړوکړي,ملاتړوکړ
ملاتړي,ملاتړ
ملاخ,ملاخ
ملاو,ملا
ملاټړ,ملاټړ
ملتپال,ملتپال
ملحوظات,ملحوظات
ملخانو,ملخ
ملكي,ملک
ملل,ملل
مليلوبډل,ملیلوبډل
ملکیتونه,ملکیت
ملګرتیاوو,ملګرتیا
ملګروملتونود,ملګروملتونود
ملګرونو,ملګر
ملګروکلتونو,ملګروکلت
ملگرو,ملگر
ملگری,ملگر
ملیادره,ملیادر
ملیاردرانو,ملیاردر
ملیاردونو,ملیارد
ملیونونو,ملیون
ملیکوف,ملیکوف
ممالک,ممالک
ممتاز,ممتاز
ممپلیو,ممپلی
مناسبت,مناسبت
مناور,مناور
منبیج,منبیج
منجبار,منجبار
منحلول,منحلول
مند,مند
مندلسون,مندلس
منسوبیو,منسوبی
منسټر,منسټر
منظمو,منظم
منعکساوه,منعکساو
منعکسوونک,منعکسوونک
منقطع,منقطع
مننه,منن
منهدرا,منهدرا
منون,من
منيبه,منیب
منځلارو,منځلار
منځو,منځ
منډال,منډال
منډیګک,منډیګک
منکل,منکل
منیزه,منیز
منیژ,منیژ
مهاتما,مهاتما
مهاروي,مهارو
مهاشټرا,مهاشټرا
مهالونو,مهال
مهدا,مهدا
مهذب,مهذب
مهرالدين,مهرالدین
مهرالدین,مهرالدین
مهرالله,مهرالل
مهفر,مهفر
مهمي,مهم
مهی,مه
موادوسره,موادوسر
موازنه,موازن
موازین,موازین
مواق,مواق
موبایل,موبایل
موتای,موتا
موته,موت
موجب,موجب
موجودات,موجودات
موجودانو,موجود
مور,مور
مورالیتي,مورالیت
مورای,مورا
مورلو,مورل
موریتس,موریتس
موریلو,موریل
مورینګا,مورینګا
موز,موز
موسمه,موسم
موسیالا,موسیالا
موسیقئ,موسیقئ
موطا,موطا
موفقانه,موفق
موقعه,موقع
موقعیتونه,موقعیت
مولوتوف,مولوتوف
مولوټوف,مولوټوف
مومز,مومز
مومنان,مومن
مومندره,مومندر
مونث,مونث
مونخ,مونخ
موندلو,موندل
مونوپیراویر,مونوپیراویر
مونيکا,مونیکا
مونکټن,مونکټن
مويتای,مویتا
موټرس,موټرس
موکراتانو,موکرات
موګا,موګا
مياشته,میاشت
ميتودونو,میتود
ميخان,میخ
ميخانيکي,میخانیک
ميرانشاه,میرانشا
ميشتو,میشت
مينه,مین
ميټابوليک,میټابولیک
ميټرو,میټر
ميکانيزمونه,میکانیزم
مَالًا,مَالًا
مَعَهُ,مَعَهُ
مُبِينًا,مُبِینًا
مُطلب,مُطلب
مُعَاذِ,مُعَاذِ
مُهر,مُهر
مِنْهُمْ,مِنْهُمْ
مُّبِينٍ,مُّبِینٍ
مټرن,مټرن
مچس,مچس
مډالاحمد,مډالاحمد
مړينه,مړین
مړينو,مړین
مړپه,مړپ
مړښت,مړښت
مکاتبه,مکاتب
مکارټني,مکارټن
مکخښ,مکخښ
مکراتيکو,مکراتیک
مکربات,مکربات
مکزیکي,مکزیک
مکسیموس,مکسیموس
مکسیکویي,مکسیکوی
مکفول,مکفول
مکلا,مکلا
مکلفیتونه,مکلفیت
مکني,مکن
مککولم,مککولم
مکګورک,مکګورک
مګړتیا,مګړ
مگانتارا,مگانتارا
میاخیل,میاخیل
میازاوا,میازاوا
میانشین,میانشین
میاول,میاول
میاګي,میا
میاڼي,میاڼ
میتري,میتر
میخانيکي,میخانیک
میدان,مید
میداونو,میدا
میدنسکي,میدنسک
میر,میر
میرال,میرال
میرانزي,میرانز
میراژ,میراژ
میرحمزه,میرحمز
میرزاګل,میرزاګل
میرسیر,میرسیر
میرعلی,میرع
میرمنو,میرمن
میرود,میرود
میزایلونه,میزایل
میس,میس
میستيوس,میستیوس
میعادفر,میعادفر
میفپرسیتون,میفپرسیت
میلا,میلا
میلز,میلز
میلو,میل
میلک,میلک
میلیاردو,میلیارد
میلیاردونه,میلیارد
میلیټري,میلیټر
میمن,میمن
مینارونو,مینار
میناکه,میناک
میندواره,میندوار
میندوراه,میندورا
مینرالونه,مینرال
مینوپار,مینوپار
مینځني,مینځن
مینځونک,مینځونک
مینکي,مینک
مینیسوټا,مینیسوټا
میوندوال,میوندوال
میټره,میټر
میټروپولیټن,میټروپولیټن
میډل,میډل
میږي,میږ
میږیو,میږی
میکانیزمونو,میکانیزم
میکسویل,میکسویل
میکیلسن,میکیلسن
نؤلم,نؤلم
ناارام,ناارام
ناارامو,ناارام
ناانصافه,ناانصاف
نااوکراییني,نااوکرایین
نااُم,نااُم
ناترسیو,ناترسی
ناتو,نات
ناخالصو,ناخالص
نارابین,نارابین
ناراضیتوب,ناراضی
نارسانو,نارس
ناروغاونو,ناروغا
ناروغن,ناروغن
ناسوبتیا,ناسوب
ناسوځيدلي,ناسوځید
ناسیونالزم,ناسیونالزم
ناسیونالیزم,ناسیونالیزم
نافذوو,نافذ
نافظ,نافظ
ناقونونه,ناقون
نالایق,نالایق
ناما,ناما
نامرده,نامرد
نامولانتا,نامولانتا
نانځکه,نانځک
ناهواره,ناهوار
ناهيل,ناهیل
ناواتیم,ناواتیم
ناورين,ناورین
ناورینونو,ناورین
ناولي,ناو
ناوه,ناو
ناویلي,ناوی
ناييانو,نای
ناټو,ناټ
ناپامي,ناپام
ناپایداره,ناپایدار
ناپیلتوب,ناپیل
ناپیلو,ناپیل
ناڅه,ناڅ
ناچاودو,ناچاود
ناکامه,ناکام
ناکنګل,ناکنګل
نایاب,نایاب
نایار,نایار
نایجر,نایجر
نایدیس,نایدیس
نایمخن,نایمخن
نتینل,نتینل
نثر,نثر
نثري,نثر
نجارا,نجارا
نجاست,نجاست
نجمن,نجمن
نجنو,نجن
نجه,نج
نجو,نج
نجوګونا,نجوګونا
نجیبه,نجیب
نخبګانو,نخب
ندرور,ندرور
ندلي,ند
ندوکو,ندوک
ندوی,ندو
نذر,نذر
نذیرد,نذیرد
نرخنام,نرخنام
نرسالاره,نرسالار
نرسان,نرس
نرسنګ,نرسنګ
نساجي,نساج
نسایي,نسای
نسبتآ,نسبتآ
نسخهء,نسخهء
نسس,نسس
نسق,نسق
نسمه,نسم
نسټګرام,نسټګرام
نشأ,نشأ
نشانکا,نشانکا
نشته,نشت
نشروي,نشرو
نشرکړل,نشرکړل
نشیګرام,نشیګرام
نصاب,نصاب
نصار,نصار
نصبولی,نصبو
نصرالدینوف,نصرالدینوف
نصیرزاده,نصیرزاد
نظاميان,نظام
نظرياتي,نظریات
نظمه,نظم
نظیمو,نظیم
نعماني,نعمان
نعمانیه,نعمانی
نعوذ,نعوذ
نعیميوايي,نعیمیوای
نغلل,نغلل
نغمه,نغم
نغنه,نغن
نفاظ,نفاظ
نفخ,نفخ
نفود,نفود
نقاشان,نقاش
نقده,نقد
نقدولو,نقدول
نقشبند,نقشبند
نلرونکو,نلرونک
نللیکو,نللیک
نلک,نلک
نماو,نما
نمایشنامو,نمایشنام
نموده,نمود
نمیګړتیاو,نمیګړتیا
نندارمي,نندارم
نندراتونونو,نندراتون
نننيو,نننی
نننی,ننن
ننوتلی,ننوت
ننکرهار,ننکرهار
ننګوونکي,ننګو
ننگونو,ننگ
نهان,نه
نهایت,نهایت
نهشي,نهش
نهو,نه
نهيل,نهیل
نوئل,نوئل
نواده,نواد
نواري,نوار
نوامبر,نوامبر
نوبهار,نوبهار
نوت,نوت
نوترد,نوترد
نورمحمدخان,نورمحمدخ
نوره,نور
نوروهیوادونو,نوروهیواد
نوريني,نورین
نوعه,نوع
نولان,نول
نوماوه,نوماو
نوملړونو,نوملړ
نومومنه,نومومن
نومونه,نوم
نوموړل,نوموړل
نومیږي,نومیږ
نونه,نون
نونو,نون
نووالحق,نووالحق
نووسیبرسک,نووسیبرسک
نوټیفیک,نوټیفیک
نوپازه,نوپاز
نوډل,نوډل
نوکران,نوکر
نوکره,نوکر
نوګيرا,نوګیرا
نوین,نوین
نویو,نوی
نيال,نیال
نيالګو,نیالګ
نيمي,نیم
نيکولاس,نیکولاس
نَحْنُ,نَحْنُ
نَحْوَ,نَحْوَ
نټي,نټ
نپیال,نپیال
نچرز,نچرز
نډریا,نډریا
نډِس,نډِس
نړویوال,نړویوال
نړيوالو,نړیوال
نړیواله,نړیوال
نژدیتوب,نژدی
نښتو,نښت
نښتي,نښت
نښلولي,نښلو
نښنو,نښن
نکاتو,نکات
نکولاس,نکولاس
نکوي,نکو
نکړ,نکړ
نکړای,نکړا
نګاو,نګا
نګرکوټ,نګرکوټ
نګزلي,نګز
نګهم,نګهم
نګورنو,نګورن
نګوښ,نګوښ
نګینه,نګین
نیازي,نیاز
نیازیو,نیازی
نیاګیو,نیاګی
نیروهای,نیروها
نیسکانکا,نیسکانکا
نیمرزو,نیمرز
نیمګړتیاو,نیمګړتیا
نیمګړو,نیمګړ
نیوزلنیډ,نیوزلنیډ
نیولو,نیول
نیولواو,نیولوا
نیومونیا,نیومونیا
نیومونیک,نیومونیک
نیونو,نی
نیوونکو,نیوونک
نیوټرل,نیوټرل
نیوکهولسمشر,نیوکهولسمشر
نیډي,نیډ
نیکاراګو,نیکاراګ
نیکمرغ,نیکمرغ
نیکو,نیک
نیکپای,نیکپا
هادریک,هادریک
هارشا,هارشا
هارمونونو,هارمون
هاروډ,هاروډ
هارډي,هارډ
هاسارنګه,هاسارنګ
هاله,هال
هالیوود,هالیوود
هاندانجیک,هاندانجیک
هانز,هانز
هانګ,هانګ
هاور,هاور
هاوسونو,هاوس
هایبریډ,هایبریډ
هایسین,هایسین
هایه,های
هبلین,هبلین
هبیټات,هبیټات
هدتاوتریخوالي,هدتاوتریخ
هدربار,هدربار
هدفمنده,هدفمند
هدفي,هدف
هراقدام,هراقدام
هراړخيز,هراړخیز
هرناندز,هرناندز
هرناندوز,هرناندوز
هرندي,هرند
هرومره,هرومر
هرومونونو,هرومون
هرڅومره,هرڅومر
هرچاته,هرچات
هرکړه,هرکړ
هریشکیش,هریشکیش
هزار,هزار
هزري,هزر
هستوګنځای,هستوګنځا
هسو,هس
هشانا,هشانا
هضمي,هضم
هغوملایانو,هغوملا
هفه,هف
هما,هما
همالته,همالت
همام,همام
همد,همد
همداس,همداس
همدشان,همدش
همدوى,همدوى
همرسک,همرسک
همغږ,همغږ
همغږغ,همغږغ
همهغ,همهغ
هميشره,همیشر
همکاره,همکار
همککار,همککار
همیش,همیش
هندار,هندار
هندوانو,هندو
هندیه,هندی
هنرامندنو,هنرامندن
هنریت,هنریت
هنګرونه,هنګر
هنګلي,هنګ
هوانور,هوانور
هوبټ,هوبټ
هوراوي,هوراو
هورموني,هورمون
هوسان,هوس
هوساينه,هوساین
هوساین,هوساین
هوډا,هوډا
هوښياري,هوښیار
هویتونو,هویت
هویتي,هویت
هویشن,هویشن
هویټ,هویټ
هيپاټایټس,هیپاټایټس
هَذَا,هَذَا
هُدا,هُدا
هټیوالو,هټیوال
هډزفيلډ,هډزفیلډ
هډونه,هډ
هژیر,هژیر
هکاريو,هکاری
هګ,هګ
هګی,هګ
هیئة,هیئة
هیات,هیات
هیب,هیب
هیرودین,هیرودین
هیروګلیف,هیروګلیف
هیلوکوپترو,هیلوکوپتر
هیلټو,هیلټ
هیلیارد,هیلیارد
هیلیر,هیلیر
هیلیکس,هیلیکس
هیلیکوپټرو,هیلیکوپټر
هینس,هینس
هینډریکز,هینډریکز
هیوالدونو,هیوالد
هیومانیستيکي,هیومانیستیک
هیډالګو,هیډالګ
هیکټاره,هیکټار
هیګاډ,هیګاډ
هیګیسټ,هیګیسټ
وآماده,وآماد
وائي,وائ
واتيکان,واتیک
واجبيږي,واجبیږ
واخله,واخل
وادا,وادا
وادقطر,وادقطر
واده,واد
وادهفول,وادهفول
وادوال,وادوال
واديفل,وادیفل
وادپالونکی,وادپال
وارداتی,واردات
واردوله,واردول
واردیده,واردید
وارزاوه,وارزاو
وارزوو,وارز
وارول,وارول
واريرس,واریرس
واریدنه,واریدن
وازمویي,وازموی
واسع,واسع
واقعا,واقعا
وال,وال
والشؤون,والشؤ
والله,والل
والوا,والوا
والوتله,والوتل
والوځم,والوځم
واندایي,واندای
وانډرب,وانډرب
وانکهید,وانکهید
وانکیډي,وانکیډ
واوروي,واورو
واورين,واورین
واوس,واوس
وايه,وای
واټرګیټ,واټرګیټ
واچ,واچ
واړونه,واړ
واکمنو,واکمن
واکونه,واک
وایست,وایست
وایموت,وایموت
وبخښ,وبخښ
وبندر,وبندر
وبهیږي,وبهیږ
وبوی,وبو
وبپاڼ,وبپاڼ
وبیریږي,وبیریږ
وتلی,وت
وتوان,وتو
وتوغاوه,وتوغاو
وتپي,وتپ
وتښتوي,وتښتو
وتښتي,وتښت
وتښتیده,وتښتید
وجودونه,وجود
وجوه,وجو
وجيبه,وجیب
وح,وح
وحى,وحى
وحيدالله,وحیدالل
وخاصة,وخاصة
وخت,وخت
وخر,وخر
وخورم,وخورم
وخویدل,وخویدل
وخيژئ,وخیژئ
وداع,وداع
ودريږو,ودریږ
ور,ور
وراء,وراء
وراحضار,وراحضار
وربار,وربار
وربدله,وربدل
وربشي,وربش
وربښي,ورب
ورتلی,ورت
ورخراب,ورخراب
ورخطاء,ورخطاء
ورخه,ورخ
وردی,ورد
وررد,وررد
ورزده,ورزد
ورزياتولی,ورزیاتو
ورسوئ,ورسوئ
ورسولای,ورسولا
ورسپارل,ورسپارل
ورسپاري,ورسپار
ورغونډو,ورغونډ
ورغځوم,ورغځوم
وركولو,ورکول
ورننوتل,ورننوتل
ورنوکوف,ورنوکوف
ورنکړ,ورنکړ
ورنکړي,ورنکړ
ورهم,ورهم
ورواغوستل,ورواغوستل
ورواړاوه,ورواړاو
ورواړوي,ورواړو
وروبیوف,وروبیوف
ورورستي,ورورست
وروزئ,وروزئ
وروسپارل,وروسپارل
وروسپاري,وروسپار
وروغورځاوه,وروغورځاو
وروښودل,وروښودل
وروښیو,وروښی
وروګرځي,وروګرځ
وريفای,وریفا
ورټیل,ورټیل
ورپوره,ورپور
ورپيښ,ورپیښ
ورپیژندلو,ورپیژندل
ورځای,ورځا
ورځم,ورځم
ورځو,ورځ
ورځپانه,ورځپ
ورښتونه,ورښت
ورښودلی,ورښود
ورکاؤ,ورکاؤ
ورکړدی,ورکړد
ورکړز,ورکړز
ورکړشو,ورکړش
ورکیدل,ورکیدل
ورکیدنو,ورکیدن
ورګو,ورګ
وریږي,وریږ
وریک,وریک
وزارتو,وزارت
وزده,وزد
وزنه,وزن
وزيره,وزیر
وسائيلو,وسائیل
وسائیل,وسائیل
وسايلو,وسایل
وستي,وست
وسنجول,وسنجول
وسورته,وسورت
وسوځوئ,وسوځوئ
وسوځید,وسوځید
وسپارئ,وسپارئ
وسیع,وسیع
وسیو,وسی
وشرک,وشرک
وشړه,وشړ
وصله,وصل
وصلوي,وصلو
وصیتونو,وصیت
وطنه,وطن
وظیفو,وظیف
وعدو,وعد
وعروس,وعروس
وعواملِ,وعواملِ
وغورځو,وغورځ
وغولوم,وغولوم
وغوښت,وغوښت
وغځوه,وغځو
وغړولي,وغړو
وفی,وف
وقارالزمان,وقارالزم
وقای,وقا
وقهرول,وقهرول
ولادمیری,ولادمیر
ولامبي,ولامب
ولايونو,ولای
ولایوتونو,ولایوت
ولسمشرعون,ولسمشرع
ولسواله,ولسوال
ولمانځو,ولمانځ
ولمور,ولمور
ولوبوئ,ولوبوئ
ولوله,ولول
ولټاژ,ولټاژ
ولگاوه,ولگاو
ولیدل,ولیدل
ولیک,ولیک
ولیکم,ولیکم
ومنئ,ومنئ
وموندلشوه,وموندلشو
وموندلی,وموند
وندروي,وندرو
ونمانځلو,ونمانځل
ونډایور,ونډایور
ونډي,ونډ
ونښته,ونښت
ونښوله,ونښول
ونیزویلا,ونیزویلا
وهلاو,وهلا
وهنه,وهن
وهونه,وه
وهونونکي,وهون
وهڅوم,وهڅوم
وهیچ,وهیچ
ووادونو,وواد
ووایه,ووای
ووایي,ووای
وودیر,وودیر
ووسو,ووس
ووسیږو,ووسیږ
وولي,وو
ووم,ووم
وون,وون
ووهونکو,ووهونک
ووویل,ووویل
وويشته,وویشت
ووږ,ووږ
ووژ,ووژ
وویشلي,وویش
ووینځئ,ووینځئ
ويبسايټ,ویبسایټ
ويجاړي,ویجاړ
ويرجينیا,ویرجینیا
ويره,ویر
ويروسونه,ویروس
ويروونکی,ویرو
ويستل,ویستل
ويشتلی,ویشت
ويلا,ویلا
ويناو,وینا
ويډيوګانو,ویډیو
ويډيي,ویډی
ويښتان,ویښت
ويښتیا,ویښ
ويکي,ویک
وَإِمَّا,وَإِمَّا
وَإِنَّ,وَإِنَّ
وَالْبَغْيِ,وَالْبَغْیِ
وَالْبَنِينَ,وَالْبَنِینَ
وَأُنْثٰی,وَأُنْثٰ
وَرِضْوَٰنًا,وَرِضْوَٰنًا
وَعَدَ,وَعَدَ
وَقُل,وَقُل
وټاکلو,وټاکل
وپلورلای,وپلورلا
وپلورله,وپلورل
وپوښه,وپوښ
وپیژندل,وپیژندل
وپیژندله,وپیژندل
وځ,وځ
وڅارو,وڅار
وڅرخوله,وڅرخول
وچاوديدل,وچاودیدل
وچکالی,وچکا
وړاغیزه,وړاغیز
وړانديزو,وړاندیز
وړانديزونه,وړاندیز
وړانديزونو,وړاندیز
وړکتوبه,وړکتوب
وړکتون,وړکت
وږدي,وږد
وږمه,وږم
وژغول,وژغول
وژمه,وژم
وښيو,وښی
وکارولی,وکارو
وکاټه,وکاټ
وکتلی,وکت
وکرئ,وکرئ
وکو,وک
وکولى,وکولى
وکیلي,وکی
وګتله,وګتل
وګورود,وګورود
وګومارئ,وګومارئ
وڼدو,وڼد
ویالو,ویال
ویاندمحمد,ویاندمحمد
ویاندویي,ویاندوی
ویاړي,ویاړ
ویبل,ویبل
ویبهاو,ویبها
ویبپاڼ,ویبپاڼ
ویترین,ویترین
ویتنامي,ویتنام
ویتنامی,ویتنام
ویجاړولی,ویجاړو
ویجاړونک,ویجاړونک
ویديوګانو,ویدیو
ویدیا,ویدیا
ویرورس,ویرورس
ویروسونو,ویروس
ویري,ویر
ویرکونن,ویرکونن
ویریدونکی,ویرید
ویریږئ,ویریږئ
ویزمن,ویزمن
ویزووف,ویزووف
ویست,ویست
ویسل,ویسل
ویسن,ویسن
ویسه,ویس
ویسټرلونډ,ویسټرلونډ
ویشاکي,ویشاک
ویشنه,ویشن
ویلالاګي,ویلالا
ویلان,ویل
ویلای,ویلا
ویلایزیشن,ویلایزیشن
ویلش,ویلش
ویلمسن,ویلمسن
ویلټشیر,ویلټشیر
ویلچیرونو,ویلچیر
ویلیمس,ویلیمس
ویناواله,ویناوال
وینبن,وینبن
وینویلیټ,وینویلیټ
وینټلاټورونو,وینټلاټور
وینډر,وینډر
وینډي,وینډ
وینکاتا,وینکاتا
وینیا,وینیا
ویوونکو,ویوونک
ویویاني,ویویان
ویټکاف,ویټکاف
ویډو,ویډ
ویډیوي,ویډیو
ویژوالیز,ویژوالیز
ویښیدو,ویښید
ویکت,ویکت
ویکسنر,ویکسنر
ویګنا,ویګنا
يادون,یاد
يادونو,یاد
يادښتونو,یادښت
يادګارونو,یادګار
يحيی,یحی
يرد,یرد
يرم,یرم
يواز,یواز
يوازينی,یوازین
يوروپا,یوروپا
يوسفزي,یوسفز
يوسم,یوسم
يونيسکو,یونیسک
يوټا,یوټا
يَبْتَغُونَ,یَبْتَغُونَ
يَحْزَنُونَ,یَحْزَنُونَ
يَرْجِعْ,یَرْجِعْ
يَصْنَعُونَ,یَصْنَعُونَ
يُعَذِّبُ,یُعَذِّبُ
يُعْجِبُ,یُعْجِبُ
يښ,يښ
ًپه,ًپ
١١٧٠,١١٧٠
١٥٠٠,١٥٠٠
١٩,١٩
١٩٧٥,١٩٧٥
١٩٩٦,١٩٩٦
٢٢,٢٢
٢٤,٢٤
٣٠,٣٠
٣٨١,٣٨١
٤٤٤,٤٤٤
٥٧,٥٧
٥٩٠,٥٩٠
٦٨,٦٨
٧٢,٧٢
٨٠,٨٠
٨٠٠٠,٨٠٠٠
٨٥٪,٨٥٪
ټاروبا,ټاروبا
ټانکونه,ټانک
ټانګونو,ټانګ
ټاکونکو,ټاکونک
ټاکونکی,ټاک
ټایرونه,ټایر
ټایرونو,ټایر
ټایکون,ټایک
ټرازیټي,ټرازیټ
ټرانسپورتي,ټرانسپورت
ټرانسپورټي,ټرانسپورټ
ټراورټین,ټراورټین
ټراګر,ټراګر
ټرمونو,ټرم
ټرننګ,ټرننګ
ټريليون,ټریلی
ټرکر,ټرکر
ټریبیوټ,ټریبیوټ
ټریزا,ټریزا
ټرینټي,ټرینټ
ټست,ټست
ټش,ټش
ټلویژیون,ټلویژی
ټنګ,ټنګ
ټنګاډاګي,ټنګاډا
ټنگ,ټنگ
ټوت,ټوت
ټوخي,ټوخ
ټولنز,ټولنز
ټولنه,ټولن
ټولګټه,ټولګټ
ټولګیوالو,ټولګیوال
ټولگه,ټولگ
ټومبلي,ټومب
ټوهان,ټوه
ټيمي,ټیم
ټيیان,ټی
ټپه,ټپ
ټکن,ټکن
ټکنالوز,ټکنالوز
ټکنالوژیو,ټکنالوژی
ټکنوکراټانو,ټکنوکراټ
ټکوین,ټکوین
ټکټار,ټکټار
ټګي,ټګ
ټیفن,ټیفن
ټیمي,ټیم
ټینګه,ټینګ
ټینیسووډ,ټینیسووډ
ټیوب,ټیوب
ټیوبونو,ټیوب
ټیټ,ټیټ
ټیټیږي,ټیټیږ
پآڼ,پآڼ
پآڼه,پآڼ
پات,پات
پاتي,پات
پاراسټامول,پاراسټامول
پاراګون,پاراګ
پارسیان,پارس
پارلز,پارلز
پارمیجیانو,پارمیج
پاسا,پاسا
پاسته,پاست
پاسفیک,پاسفیک
پاسپورټونو,پاسپورټ
پاسپورټونونو,پاسپورټون
پاشل,پاشل
پالادیوم,پالادیوم
پالل,پالل
پاله,پال
پاليسو,پالیس
پامي,پام
پانام,پانام
پايلي,پای
پاټر,پاټر
پاپا,پاپا
پاپارو,پاپار
پاپول,پاپول
پاڅونونو,پاڅون
پاډکاسټر,پاډکاسټر
پاکس,پاکس
پاکستانیانو,پاکستان
پاڼه,پاڼ
پایانه,پا
پایلوبو,پایلوب
پاینل,پاینل
پایه,پای
پاییدونکي,پایید
پتنا,پتنا
پتیال,پتیال
پجنشنب,پجنشنب
پخته,پخت
پخیږي,پخیږ
پدغ,پدغ
پدي,پد
پراخ,پراخ
پرادیپ,پرادیپ
پرافتخار,پرافتخار
پرالتا,پرالتا
پرالټا,پرالټا
پرانیزئ,پرانیزئ
پرانیسته,پرانیست
پرانیځئ,پرانیځئ
پراکسي,پراکس
پرتله,پرتل
پرتګالیو,پرتګالی
پرداختي,پرداخت
پردر,پردر
پرديو,پردی
پردیپ,پردیپ
پرزنرز,پرزنرز
پرستیژ,پرستیژ
پرسنول,پرسنول
پرسیمه,پرسیم
پرشکر,پرشکر
پرلپسي,پرلپس
پرمختیایی,پرمختیای
پرمراسمو,پرمراسم
پرنادرآباد,پرنادرآباد
پرنجی,پرنج
پرنفوسه,پرنفوس
پرنلي,پرن
پرواند,پرواند
پروبيوټيکونه,پروبیوټیک
پروت,پروت
پروردګار,پروردګار
پرورسه,پرورس
پروسلو,پروسل
پروفیسرانو,پروفیسر
پروفیشنل,پروفیشنل
پرونس,پرونس
پروټينو,پروټین
پروټین,پروټین
پروډیوسرانو,پروډیوسر
پروژوي,پروژو
پروکودین,پروکودین
پروگرامونو,پروگرام
پرویز,پرویز
پريږده,پریږد
پرځایینه,پرځایین
پرځمکه,پرځمک
پرچمیانو,پرچم
پرښت,پرښت
پرګمټال,پرګمټال
پریست,پریست
پریفرنټ,پریفرنټ
پرینسټن,پرینسټن
پریډونو,پریډ
پریږده,پریږد
پریکرو,پریکر
پریکړ,پریکړ
پشتو,پشت
پشتونکوټ,پشتونکوټ
پشنهادي,پشنهاد
پلازمینو,پلازمین
پلاستیک,پلاستیک
پلاسټيک,پلاسټیک
پلانکا,پلانکا
پلاټفورمونو,پلاټفورم
پلاټون,پلاټ
پلورنو,پلورن
پلورولو,پلورول
پلوماتيک,پلوماتیک
پلوه,پلو
پلوي,پلو
پلټفارمه,پلټفارم
پلټفارمونو,پلټفارم
پلټڼ,پلټڼ
پلین,پلین
پلیټفورمونو,پلیټفورم
پلیټیف,پلیټیف
پمفلټونه,پمفلټ
پنات,پنات
پناځایونو,پناځای
پنجابيان,پنجاب
پنجپايي,پنجپای
پنشنب,پنشنب
پنټاټریک,پنټاټریک
پنځمه,پنځم
پنځولی,پنځو
پنځونو,پنځ
پنځونک,پنځونک
پنچشنبه,پنچشنب
پنیری,پنیر
پنیکو,پنیک
پهخیران,پهخیر
پهدغو,پهدغ
پهر,پهر
پوتوپوهنکی,پوتوپوهنک
پورتر,پورتر
پوستی,پوست
پولارډ,پولارډ
پولند,پولند
پولينيسيس,پولینیسیس
پولیسومنسوبین,پولیسومنسوبین
پولیسوپر,پولیسوپر
پولیفینولونو,پولیفینول
پولیټیکي,پولیټیک
پومپیو,پومپی
پونده,پوند
پونیا,پونیا
پوه,پو
پوهاند,پوهاند
پوهنخي,پوهنخ
پوهندوی,پوهندو
پوهنوال,پوهنوال
پوهنیار,پوهنیار
پوهول,پوهول
پوټ,پوټ
پوڅک,پوڅک
پوچو,پوچ
پوچین,پوچین
پوچینګ,پوچینګ
پوښتنه,پوښتن
پوښتني,پوښتن
پوښته,پوښت
پوګور,پوګور
پوینشوال,پوینشوال
پياوړ,پیاوړ
پياوړوي,پیاوړو
پيتاوي,پیتاو
پيتیوګورسک,پیتیوګورسک
پيداشي,پیداش
پيرنګ,پیرنګ
پيكر,پیکر
پيلني,پیلن
پيلونګ,پیلونګ
پيلوو,پیل
پيلوي,پیلو
پيني,پین
پينډ,پینډ
پيپلز,پیپلز
پيړيو,پیړی
پيژندلی,پیژند
پټاپسکو,پټاپسک
پټاک,پټاک
پټرولیم,پټرولیم
پټوکرنسی,پټوکرنس
پټیلینګم,پټیلینګم
پپیتا,پپیتا
پڅوالي,پڅ
پړاود,پړاود
پړسوي,پړسو
پړوني,پړون
پښتن,پښتن
پښتورګي,پښتور
پښتونوژن,پښتونوژن
پښتونیار,پښتونیار
پکړ,پکړ
پکښ,پکښ
پیاتانګترن,پیاتانګترن
پیداکولو,پیداکول
پیداکیږی,پیداکیږ
پیرودنکي,پیرودنک
پیروی,پیرو
پیرکوه,پیرکو
پیریدونکی,پیرید
پیسا,پیسا
پیغامه,پیغام
پیغامونو,پیغام
پیلر,پیلر
پیلول,پیلول
پیلیږي,پیلیږ
پینالټي,پینالټ
پینګ,پینګ
پینګیو,پینګی
پیونګیانګ,پیونګیانګ
پیټرز,پیټرز
پیټرزبورګ,پیټرزبورګ
پیټرسوچیچ,پیټرسوچیچ
پیټزبورګ,پیټزبورګ
پیژوندونکو,پیژوندونک
پیښوي,پیښو
پیښیدو,پیښید
پیکان,پیک
پیکس,پیکس
ځارولو,ځارول
ځاله,ځال
ځانون,ځان
ځانځاني,ځانځان
ځانګرو,ځانګر
ځانګړتيا,ځانګړ
ځايونو,ځای
ځايي,ځای
ځاځیو,ځاځی
ځایناستي,ځایناست
ځراکت,ځراکت
ځرکتيا,ځرک
ځغلونه,ځغل
ځلویښت,ځلویښت
ځمکښوی,ځمکښو
ځناورو,ځناور
ځنځیري,ځنځیر
ځنډولو,ځنډول
ځنکلونو,ځنکل
ځوابونه,ځواب
ځوابوونکي,ځوابو
ځوابګوی,ځوابګو
ځواکونهسیګار,ځواکونهسیګار
ځواګ,ځواګ
ځوځات,ځوځات
ځوړي,ځوړ
ځپله,ځپل
ځډران,ځډر
ځړولو,ځړول
ځګونه,ځګ
ځین,ځین
څادر,څادر
څاران,څار
څاروی,څارو
څارکر,څارکر
څانک,څانک
څاو,څا
څاګاني,څاګان
څرخونه,څرخ
څرخکو,څرخک
څرنګتیا,څرنګ
څرنگه,څرنگ
څرول,څرول
څرګنداوه,څرګنداو
څلرویښت,څلرویښت
څلوراړخیزه,څلوراړخیز
څلورزره,څلورزر
څلورویشتو,څلورویشت
څلویښتو,څلویښت
څمکن,څمکن
څنګل,څنګل
څيروونکي,څیرو
څيړل,څیړل
څپانده,څپاند
څښلو,څښل
څښلي,څښ
څښي,څښ
څښی,څښ
څڼورو,څڼور
څڼډ,څڼډ
څیرن,څیرن
څیړلی,څیړ
چاراکو,چاراک
چاردر,چاردر
چارسمبالو,چارسمبال
چارمغزو,چارمغز
چارواکاو,چارواکا
چارټره,چارټر
چارچ,چارچ
چانګتانګ,چانګتانګ
چاودنی,چاودن
چاودى,چاودى
چاپریال,چاپریال
چاپلوسانه,چاپلوس
چاپه,چاپ
چاڼوي,چاڼو
چاڼيز,چاڼیز
چتر,چتر
چتن,چتن
چتیسګر,چتیسګر
چرگ,چرگ
چریان,چر
چست,چست
چشم,چشم
چغندر,چغندر
چلرونه,چلر
چلند,چلند
چلینجرز,چلینجرز
چمتل,چمتل
چمپ,چمپ
چمپمن,چمپمن
چمپينز,چمپینز
چنانکه,چنانک
چهارشمب,چهارشمب
چهارشنبي,چهارشنب
چورتالان,چورتال
چورنوبیل,چورنوبیل
چوستس,چوستس
چوپړتیاوو,چوپړتیا
چوپړونه,چوپړ
چوکاټي,چوکاټ
چيانګ,چیانګ
چيزه,چیز
چيک,چیک
چُنر,چُنر
چټکتیا,چټک
چټکو,چټک
چټکول,چټکول
چپونو,چپ
چکروټي,چکروټ
چیمان,چیم
چیمپینز,چیمپینز
چینايی,چینای
چینله,چینل
چینو,چین
چینوک,چینوک
چیني,چین
چینپنګ,چینپنګ
چینی,چین
چینیايي,چینیای
چیچونکي,چیچ
ډائريکټر,ډائریکټر
ډارث,ډارث
ډاروونک,ډاروونک
ډالمیرکامره,ډالمیرکامر
ډانډیا,ډانډیا
ډاونډيټکټر,ډاونډیټکټر
ډاونډیټکټر,ډاونډیټکټر
ډاټسن,ډاټسن
ډاکيومنټ,ډاکیومنټ
ډاکټرهو,ډاکټره
ډاکټرپیکس,ډاکټرپیکس
ډاګتره,ډاګتر
ډایوکسین,ډایوکسین
ډبفي,ډبف
ډبلیوایج,ډبلیوایج
ډرمونه,ډرم
ډرک,ډرک
ډزبند,ډزبند
ډسبمر,ډسبمر
ډلهییزه,ډلهییز
ډنبرا,ډنبرا
ډنيو,ډنی
ډنډر,ډنډر
ډوبروټوی,ډوبروټو
ډوزونه,ډوز
ډونلوډ,ډونلوډ
ډوړله,ډوړل
ډيانا,ډیانا
ډيبلوماسي,ډیبلوماس
ډيورينډ,ډیورینډ
ډيپلوماټ,ډیپلوماټ
ډيپلوماټيکي,ډیپلوماټیک
ډپلومات,ډپلومات
ډپلوماټ,ډپلوماټ
ډډه,ډډ
ډکوله,ډکول
ډګرک,ډګرک
ډیبورا,ډیبورا
ډیجيټل,ډیجیټل
ډیزان,ډیز
ډیسانتیس,ډیسانتیس
ډیسل,ډیسل
ډیسټرایر,ډیسټرایر
ډیسپل,ډیسپل
ډیلارام,ډیلارام
ډیلني,ډیلن
ډیموکرا,ډیموکرا
ډیموکراتیکو,ډیموکراتیک
ډیموکراسي,ډیموکراس
ډیمیتریف,ډیمیتریف
ډینامکس,ډینامکس
ډیويس,ډیویس
ډیویټ,ډیویټ
ډیټ,ډیټ
ډیټرز,ډیټرز
ډیکوک,ډیکوک
ډیکینګ,ډیکینګ
ړملتونو,ړملت
ړمنئ,ړمنئ
ړن,ړن
ړنيزو,ړنیز
ړنډل,ړنډل
ړنګیدو,ړنګید
ړوندي,ړوند
ړونکي,ړونک
ړوښ,ړوښ
ږدولو,ږدول
ږنيونه,ږنی
ږونو,ږون
ږي,ږي
ږیده,ږید
ژال,ژال
ژانده,ژاند
ژاندو,ژاند
ژانرونو,ژانر
ژاوشینګ,ژاوشینګ
ژاولي,ژاو
ژباړم,ژباړم
ژباړن,ژباړن
ژبپوهان,ژبپوه
ژبپوهنه,ژبپوهن
ژغورونکو,ژغورونک
ژغونرن,ژغونرن
ژنګلو,ژنګل
ژنی,ژن
ژورنالیزم,ژورنالیزم
ژورنالیستیک,ژورنالیستیک
ژومانګرين,ژومانګرین
ژومانگارینټینګار,ژومانگارینټینګار
ژومند,ژومند
ژوندونو,ژوند
ژوونکي,ژو
ژیل,ژیل
ښارجوړولو,ښارجوړول
ښاروال,ښاروال
ښاروالانو,ښاروال
ښارولي,ښارو
ښتیونولي,ښتیونو
ښخوته,ښخوت
ښخول,ښخول
ښده,ښد
ښرنه,ښرن
ښمنانو,ښمن
ښمنوونکی,ښمنو
ښمینه,ښمین
ښنالیک,ښنالیک
ښنالیکونه,ښنالیک
ښنانيي,ښنانی
ښنګريله,ښنګریل
ښنګرکي,ښنګرک
ښودونک,ښودونک
ښودونکي,ښود
ښونک,ښونک
ښوودل,ښوودل
ښوونه,ښو
ښوونک,ښوونک
ښویندوک,ښویندوک
ښویه,ښوی
ښځتابه,ښځتاب
ښځيه,ښځی
ښځینه,ښځین
ښکارکوونکو,ښکارکوونک
ښکاریږي,ښکاریږ
ښکل,ښکل
ښکلاګانو,ښکلا
ښڼه,ښڼ
کابلوف,کابلوف
کابلیان,کابل
کاترا,کاترا
کاتز,کاتز
کاج,کاج
کادمور,کادمور
کار,کار
کاراسیک,کاراسیک
کاربدلی,کاربد
کارتالکایا,کارتالکایا
کارخونط,کارخونط
کاردار,کاردار
کاردویز,کاردویز
کارشناسان,کارشناس
کارلوس,کارلوس
کارم,کارم
کارمان,کارم
کارمنانو,کارمن
کارنده,کارند
کارنیکا,کارنیکا
کارون,کار
کارونک,کارونک
کاروپوهانو,کاروپوه
کاروی,کارو
کارټلونو,کارټل
کارپوهه,کارپوه
کارپیو,کارپی
کارډمین,کارډمین
کارگرو,کارگر
کاریبین,کاریبین
کاستان,کاست
کاسلاني,کاسلان
کاسټیرا,کاسټیرا
کاظم,کاظم
کافرون,کافر
کافرُون,کافرُ
کافين,کافین
کالبوت,کالبوت
کالجونو,کالج
کالرا,کالرا
کالوني,کالون
کالي,کا
کاليفورنیا,کالیفورنیا
کالډر,کالډر
کالیز,کالیز
کالیوم,کالیوم
کاماراګو,کاماراګ
کامياب,کامیاب
کامپیلوباکټر,کامپیلوباکټر
کامګار,کامګار
کانات,کانات
کانتين,کانتین
کاندیدانو,کاندید
کاندیډیازس,کاندیډیازس
کانز,کانز
کانټينرونو,کانټینر
کانیزو,کانیز
کاهیسو,کاهیس
کاولوریاس,کاولوریاس
کاوه,کاو
کاوونکو,کاوونک
کاى,کاى
کاپورالاتو,کاپورالات
کاچوغه,کاچوغ
کاګامه,کاګام
کایلین,کایلین
کباب,کباب
کبابونه,کباب
کبوتز,کبوتز
کبير,کبیر
کبښودل,کبښودل
کبیر,کبیر
کتلور,کتلور
کتور,کتور
کتک,کتک
کدوال,کدوال
کراسنګ,کراسنګ
کراوډ,کراوډ
کرب,کرب
کرخست,کرخست
کردم,کردم
کرش,کرش
کرناویروس,کرناویروس
کرنس,کرنس
کرنل,کرنل
کرهنه,کرهن
کرهڼيزو,کرهڼیز
کرون,کر
کروناویروسونه,کروناویروس
کروناویرویس,کروناویرویس
کروندکرو,کروندکر
کرونوبیولوژي,کرونوبیولوژ
کرونوټایپ,کرونوټایپ
کرکټر,کرکټر
کرکټورنه,کرکټورن
کرکچن,کرکچن
کریدت,کریدت
کریستلي,کریست
کریسټف,کریسټف
کریچ,کریچ
کریډیټ,کریډیټ
کسامیتازون,کسامیتاز
کسبونو,کسب
کستان,کست
کستانی,کستان
کسروي,کسرو
کسمار,کسمار
کسماري,کسمار
کسيره,کسیر
کسپاڼ,کسپاڼ
کسیزه,کسیز
کشتمند,کشتمند
کشتواړ,کشتواړ
کشنونه,کشن
کفار,کفار
کفاسټ,کفاسټ
کفتر,کفتر
کفري,کفر
کفو,کف
کفور,کفور
کلابریا,کلابریا
کلاشینکوفونو,کلاشینکوف
کلاهک,کلاهک
کلاچه,کلاچ
کلبونو,کلب
کلراډو,کلراډ
کلروهیډرین,کلروهیډرین
کلستر,کلستر
کلفورینیا,کلفورینیا
کلمو,کلم
کلنس,کلنس
کلنټن,کلنټن
کلوبونو,کلوب
کلوراډو,کلوراډ
کلومیټره,کلومیټر
کلي,کل
کلکوالی,کلک
کلکټه,کلکټ
کلکیږي,کلکیږ
کلیر,کلیر
کلیزه,کلیز
کلیفرډ,کلیفرډ
کلیم,کلیم
کلیواليو,کلیوالی
کلیوالیو,کلیوالی
کلیپونو,کلیپ
کلیډ,کلیډ
کمالونه,کمال
کمالی,کما
کمب,کمب
کمرزوي,کمرزو
کمرون,کمر
کمزور,کمزور
کمونکو,کمونک
کمووالی,کمو
کميټي,کمیټ
کمپل,کمپل
کمپله,کمپل
کمپليکس,کمپلیکس
کمپنو,کمپن
کمپوزر,کمپوزر
کمپينو,کمپین
کمپیوټ,کمپیوټ
کمډین,کمډین
کمک,کمک
کمکي,کمک
کمیابیه,کمیابی
کمیدو,کمید
کمیشنر,کمیشنر
کمین,کمین
کمینټونو,کمینټ
کمیټه,کمیټ
کنتارو,کنتار
کندیوال,کندیوال
کنسرتي,کنسرت
کنسرتیوم,کنسرتیوم
کنسرسیوم,کنسرسیوم
کنسرسیون,کنسرسی
کنټرولوله,کنټرولول
کنځلو,کنځل
کنګال,کنګال
کنګل,کنګل
کهمرد,کهمرد
کهکشان,کهکش
کوئنټن,کوئنټن
کوارټرفاینل,کوارټرفاینل
کواشیرکور,کواشیرکور
کوالیفایرو,کوالیفایر
کوتوفسک,کوتوفسک
کور,کور
کوراکاو,کوراکا
کوربت,کوربت
کوربیت,کوربیت
کورتیس,کورتیس
کورتییس,کورتییس
کورددي,کوردد
کورماشیوا,کورماشیوا
کورونایي,کورونای
کورټیزول,کورټیزول
کوریزه,کوریز
کورینا,کورینا
کوستیوکوف,کوستیوکوف
کوسل,کوسل
کوشنر,کوشنر
کولاجن,کولاجن
کولر,کولر
کولمه,کولم
کولنز,کولنز
کولودکین,کولودکین
کولولو,کولول
کولپونه,کولپ
کوماندو,کوماند
کومبوچا,کومبوچا
کومکونه,کومک
کونډو,کونډ
کوهستاناتو,کوهستانات
کوهلي,کوه
کوهیان,کوه
کووم,کووم
کوونه,کو
کوويد,کووید
کوویچ,کوویچ
کوټړو,کوټړ
کوپړ,کوپړ
کوچنيان,کوچن
کوچنیانو,کوچن
کوچنیوالي,کوچنی
کوډز,کوډز
کوکنارو,کوکنار
کوڼ,کوڼ
کوینزلنډ,کوینزلنډ
کویو,کوی
کویټ,کویټ
کيفته,کیفت
کيفي,کیف
کيفیټ,کیفیټ
کينګز,کینګز
کيچ,کیچ
کيږئ,کیږئ
کيښودل,کیښودل
کُردستان,کُردست
کټ,کټ
کټاي,کټا
کټاپلټ,کټاپلټ
کټاک,کټاک
کټو,کټ
کټوریا,کټوریا
کپسولونو,کپسول
کپټلز,کپټلز
کچخ,کچخ
کچلاغ,کچلاغ
کچلاک,کچلاک
کچوړي,کچوړ
کچي,کچ
کډال,کډال
کړاو,کړا
کړاونه,کړا
کړلو,کړل
کړوا,کړوا
کړيچ,کړیچ
کړکیچنو,کړکیچن
کښلی,کښ
ککوي,ککو
ککړ,ککړ
ککړتيا,ککړ
ککړوونکو,ککړوونک
کھنه,کھن
کیاران,کیار
کیرتون,کیرت
کیرسټن,کیرسټن
کیرفور,کیرفور
کیست,کیست
کیشم,کیشم
کیشو,کیش
کیلوواټ,کیلوواټ
کیمبل,کیمبل
کیمیاګر,کیمیاګر
کینا,کینا
کیندن,کیندن
کینيچي,کینیچ
کیهاني,کیهان
کیوته,کیوت
کیور,کیور
کیومنز,کیومنز
کیوندیش,کیوندیش
کیټسیماتیډیس,کیټسیماتیډیس
کیټي,کیټ
کیچونه,کیچ
کیچینګ,کیچینګ
کیډمور,کیډمور
کیږوي,کیږو
کیږی,کیږ
ګارلنډ,ګارلنډ
ګارډز,ګارډز
ګارډن,ګارډن
ګازه,ګاز
ګازولین,ګازولین
ګالریان,ګالر
ګالسټون,ګالسټ
ګالل,ګالل
ګالوشینکو,ګالوشینک
ګامبیا,ګامبیا
ګامونو,ګام
ګانچ,ګانچ
ګانی,ګان
ګاټه,ګاټ
ګاګر,ګاګر
ګبریل,ګبریل
ګبڼ,ګبڼ
ګتلی,ګت
ګذره,ګذر
ګر,ګر
ګرادو,ګراد
ګرافيکي,ګرافیک
ګرامر,ګرامر
ګرانولون,ګرانول
ګرانولونو,ګرانول
ګراوند,ګراوند
ګربزي,ګربز
ګرت,ګرت
ګرجستان,ګرجست
ګرمول,ګرمول
ګرندال,ګرندال
ګرهارډ,ګرهارډ
ګروندګر,ګروندګر
ګروندګرو,ګروندګر
ګروهي,ګروه
ګروور,ګروور
ګروپونودی,ګروپونود
ګروک,ګروک
ګريوان,ګریو
ګرځه,ګرځ
ګرځو,ګرځ
ګرځیده,ګرځید
ګرڅیدل,ګرڅیدل
ګرګیج,ګرګیج
ګریسلډا,ګریسلډا
ګرینسپن,ګرینسپن
ګزيوز,ګزیوز
ګلاب,ګلاب
ګلان,ګل
ګلدان,ګلد
ګلمرجان,ګلمرج
ګلپايګاني,ګلپایګان
ګلډیټرز,ګلډیټرز
ګلیزمان,ګلیزم
ګلیل,ګلیل
ګم,ګم
ګمب,ګمب
ګمرک,ګمرک
ګمرکنو,ګمرکن
ګنداپور,ګنداپور
ګنز,ګنز
ګنو,ګن
ګنډا,ګنډا
ګنګواڼ,ګنګواڼ
ګواتم,ګواتم
ګوانتانامانو,ګوانتانام
ګوانګډونګ,ګوانګډونګ
ګواهي,ګواه
ګواهټي,ګواهټ
ګواښونود,ګواښونود
ګواښونکو,ګواښونک
ګواښوونکو,ګواښوونک
ګواښوونکي,ګواښو
ګواګونو,ګواګ
ګوبتوب,ګوب
ګوته,ګوت
ګوتڅنډه,ګوتڅنډ
ګوجراب,ګوجراب
ګودام,ګودام
ګورئ,ګورئ
ګورباچف,ګورباچف
ګورداس,ګورداس
ګورم,ګورم
ګوریلاګانو,ګوریلا
ګوش,ګوش
ګولر,ګولر
ګولوب,ګولوب
ګولونو,ګول
ګولډبرګ,ګولډبرګ
ګولډنبرګ,ګولډنبرګ
ګومان,ګوم
ګوندي,ګوند
ګونیا,ګونیا
ګوټکي,ګوټک
ګوډاګ,ګوډاګ
ګوړه,ګوړ
ګویانا,ګویانا
ګویر,ګویر
ګوینډولین,ګوینډولین
ګویټز,ګویټز
ګویګانګ,ګویګانګ
ګيلاس,ګیلاس
ګيږي,ګیږ
ګټلا,ګټلا
ګډوالی,ګډ
ګډونک,ګډونک
ګډوډ,ګډوډ
ګډوډل,ګډوډل
ګډیږي,ګډیږ
ګړدو,ګړد
ګړوب,ګړوب
ګړي,ګړ
ګڼل,ګڼل
ګیتي,ګیت
ګیرهارت,ګیرهارت
ګیروګرومن,ګیروګرومن
ګیلپ,ګیلپ
ګیلین,ګیلین
ګیمز,ګیمز
ګینا,ګینا
ګینس,ګینس
ګینیز,ګینیز
ګیورګ,ګیورګ
ګیونګ,ګیونګ
ګییر,ګییر
گازرو,گازر
گانا,گانا
گردش,گردش
گرونډ,گرونډ
گرځيدل,گرځیدل
گفتم,گفتم
گلاسکو,گلاسک
گواهی,گواه
گواښي,گوا
گون,گون
گوهرهای,گوهرها
گټ,گټ
گټل,گټل
گډه,گډ
ڼټایوان,ڼټایو
ہیں,ہیں
یؤ,یؤ
یاته,یات
یادالله,یادالل
یادروف,یادروف
یادشویو,یادشوی
یاده,یاد
یادګاره,یادګار
یارمل,یارمل
یازیچي,یازیچ
یاستینا,یاستینا
یاسمين,یاسمین
یاسهوه,یاسهو
یاشرویچ,یاشرویچ
یافته,یافت
یاقوت,یاقوت
یان,یان
یانایره,یانایر
یانګ,یانګ
یاونه,یا
یاووز,یاووز
یاګن,یاګن
یتمیول,یتمیول
یخ,یخ
یخونو,یخ
یخچالي,یخچا
یرغلګرو,یرغلګر
یرغمل,یرغمل
یرناک,یرناک
یس,یس
یسف,یسف
یعقو,یعق
یم,یم
یملیون,یملی
یمن,یمن
یموکراتانو,یموکرات
یهودیانو,یهود
یوئ,یوئ
یوبرید,یوبرید
یوجونګ,یوجونګ
یوخصوصي,یوخصوص
یوشان,یوش
یوشیایونګ,یوشیایونګ
یولانډا,یولانډا
یوله,یول
یوموټي,یوموټ
یونایټ,یونایټ
یونایټډ,یونایټډ
یونټ,یونټ
یونیسیف,یونیسیف
یووخت,یووخت
یوول,یوول
یووه,یوو
یووړ,یووړ
یوڅه,یوڅ
یوړ,یوړ
یوښه,یوښ
یوکوهاما,یوکوهاما
یوګام,یوګام
یوګاناډا,یوګاناډا
یوګاندايي,یوګاندای
یوګوسلاویا,یوګوسلاویا
یَعْدِمْ,یَعْدِمْ
یږ,یږ
یکشنب,یکشنب
یین,یین
