infinitive	present	past	gloss	source	in_dictionary	forms
کول	کو	کړ / کاوه	to do/make	Robson & Tegey	yes	23
کېدل	کېږ / کیږ	شو / شول	to become/happen	Robson & Tegey	yes	18
تلل	ځ	لاړ / تل	to go	Robson & Tegey	yes	16
راتلل	راځ	راغل / راغی	to come	Robson & Tegey	yes	12
وړل	وړ	یووړ / یوړ	to carry/take away	Robson & Tegey	yes	11
راوړل	راوړ	راووړ	to bring	Robson & Tegey	yes	6
خوړل	خور	خوړ	to eat	Tegey & Robson (1996)	yes	9
څښل	—	—	to drink	unverified	yes	6
لیدل	وین	لید	to see	Tegey & Robson (1996)	yes	10
کتل	ګور	کوت / کت	to look	Tegey & Robson (1996)	yes	8
اخیستل	اخل	اخیست	to take/buy	Tegey & Robson (1996)	yes	9
نیول	نیس	نیو	to catch/hold	Tegey & Robson (1996)	yes	8
ویل	وای	ویل	to say	Tegey & Robson (1996)	yes	10
ورکول	ورکو	ورکړ	to give	Robson & Tegey	yes	9
غوښتل	غواړ	غوښت	to want	Tegey & Robson (1996)	yes	10
موندل	موم	موند	to find	Tegey & Robson (1996)	yes	8
لوستل	لول	لوست	to read	Tegey & Robson (1996)	yes	6
لرل	لر	درلود / لرل	to have	unverified	yes	11
وژل	وژن	وژل / ووژه	to kill	Tegey & Robson (1996)	yes	7
اورېدل	اور	اورېد	to hear	unverified	yes	8
پېژندل	پېژن / پیژن	پېژند / پیژند	to know/recognize	Tegey & Robson (1996)	yes	7
رسېدل	—	—	to arrive / reach	unverified	yes	9
پوهېدل	—	—	to understand	unverified	yes	7
اوسېدل	—	—	to live / reside	unverified	yes	6
ښودل	ښی	ښود	to show	Tegey & Robson (1996)	yes	7
کېښودل	ږد	کېښود / ایښود	to put/place	unverified	yes	7
پرېښودل	پرېږد	پرېښود	to leave/abandon	unverified	yes	5
الوتل	الوز	الوت	to fly	Tegey & Robson (1996)	yes	6
ختل	خېژ	خوت / خت	to climb/rise	Tegey & Robson (1996)	yes	6
پرېوتل	پرېوځ	پرېوت	to fall	unverified	yes	5
کښېنستل	کښېن	کښېناست / ناست	to sit down	unverified	yes	6
پاڅېدل	—	—	to stand up / rise	unverified	yes	5
ګڼل	ګڼ	ګاڼه / ګڼل	to count/consider	unverified	yes	6
بلل	بول	بلل	to call/consider	Tegey & Robson (1996)	yes	6
سپارل	—	—	to hand over / entrust	unverified	yes	6
ژغورل	—	—	to save / rescue	unverified	yes	5
ایستل	باس	ایست / وېست	to pull out/extract	Tegey & Robson (1996)	yes	6
کارول	—	—	to use / operate	unverified	yes	5
اغوستل	اغوند	اغوست	to wear	Tegey & Robson (1996)	no	0
اوړل	اوړ	وښت / اوښت	to pass/cross	Tegey & Robson (1996)	no	0
چاودل	چو	چاود	to explode	Tegey & Robson (1996)	no	0
نغښتل	نغاړ	نغښت	to wrap/roll up	Tegey & Robson (1996)	no	0
ویشتل	ول	وېشت	to shoot	Tegey & Robson (1996)	no	0
وتل	وځ	وت	to go out	unverified	no	0
رودل	رو	رود	to suck	Tegey & Robson (1996)	no	0
ورتلل	ورځ	ورتل / ورغل	to go there	unverified	no	0
درتلل	درځ	درتل / درغل	to go to you	unverified	no	0
راکول	راکو	راکړ	to give here	unverified	no	0
درکول	درکو	درکړ	to give to you	unverified	no	0
پرانیستل	پرانیز	پرانیست	to open	unverified	no	0
